station,horizon,persistence,actual_events,predicted_events,matched_events,false_alarms,missed_events,event_precision,event_recall,event_f1,onset_error_hours,onset_error_hours_n,peak_error_hours,peak_error_hours_n,duration_error_hours,duration_error_hours_n,recovery_error_hours,recovery_error_hours_n
Alipur Delhi DPCC,1,2,104,113,96,17,8,0.8495575221238938,0.9230769230769231,0.8847926267281105,2.9285714285714284,84,2.4583333333333335,96,4.042253521126761,71,1.3170731707317074,82
Alipur Delhi DPCC,1,3,92,93,78,15,14,0.8387096774193549,0.8478260869565217,0.8432432432432434,3.4242424242424243,66,2.7948717948717947,78,4.946428571428571,56,1.4328358208955223,67
Alipur Delhi DPCC,1,6,63,66,56,10,7,0.8484848484848485,0.8888888888888888,0.8682170542635659,4.083333333333333,48,3.232142857142857,56,5.902439024390244,41,1.5833333333333333,48
Alipur Delhi DPCC,6,2,109,88,65,23,44,0.7386363636363636,0.5963302752293578,0.6598984771573604,6.122448979591836,49,5.476923076923077,65,9.64864864864865,37,5.065217391304348,46
Alipur Delhi DPCC,6,3,93,78,56,22,37,0.717948717948718,0.6021505376344086,0.6549707602339182,6.318181818181818,44,6.035714285714286,56,9.571428571428571,35,5.4523809523809526,42
Alipur Delhi DPCC,6,6,57,54,39,15,18,0.7222222222222222,0.6842105263157895,0.7027027027027027,7.314285714285714,35,7.666666666666667,39,10.714285714285714,28,6.0625,32
Alipur Delhi DPCC,12,2,108,84,61,23,47,0.7261904761904762,0.5648148148148148,0.6354166666666666,6.914893617021277,47,6.819672131147541,61,13.17142857142857,35,7.410256410256411,39
Alipur Delhi DPCC,12,3,95,78,59,19,36,0.7564102564102564,0.6210526315789474,0.6820809248554913,7.133333333333334,45,7.0508474576271185,59,13.411764705882353,34,7.578947368421052,38
Alipur Delhi DPCC,12,6,60,60,43,17,17,0.7166666666666667,0.7166666666666667,0.7166666666666667,9.727272727272727,33,7.255813953488372,43,15.37037037037037,27,7.266666666666667,30
Alipur Delhi DPCC,24,2,105,84,58,26,47,0.6904761904761905,0.5523809523809524,0.6137566137566137,8.05,40,8.03448275862069,58,13.344827586206897,29,6.1891891891891895,37
Alipur Delhi DPCC,24,3,91,75,54,21,37,0.72,0.5934065934065934,0.6506024096385543,8.567567567567568,37,8.055555555555555,54,13.88888888888889,27,6.4411764705882355,34
Alipur Delhi DPCC,24,6,61,58,39,19,22,0.6724137931034483,0.639344262295082,0.6554621848739496,9.466666666666667,30,10.461538461538462,39,15.826086956521738,23,7.392857142857143,28
Anand Vihar Delhi DPCC,1,2,114,109,98,11,16,0.8990825688073395,0.8596491228070176,0.8789237668161435,1.9425287356321839,87,3.520408163265306,98,1.5064935064935066,77,1.2325581395348837,86
Anand Vihar Delhi DPCC,1,3,86,82,74,8,12,0.9024390243902439,0.8604651162790697,0.8809523809523809,2.265625,64,4.283783783783784,74,1.9454545454545455,55,1.380952380952381,63
Anand Vihar Delhi DPCC,1,6,52,50,46,4,6,0.92,0.8846153846153846,0.9019607843137256,2.875,40,6.1521739130434785,46,2.5428571428571427,35,1.7179487179487178,39
Anand Vihar Delhi DPCC,6,2,112,76,58,18,54,0.7631578947368421,0.5178571428571429,0.6170212765957447,4.565217391304348,46,7.793103448275862,58,5.945945945945946,37,4.568181818181818,44
Anand Vihar Delhi DPCC,6,3,84,67,51,16,33,0.7611940298507462,0.6071428571428571,0.6754966887417219,4.780487804878049,41,8.431372549019608,51,6.3125,32,4.594594594594595,37
Anand Vihar Delhi DPCC,6,6,47,42,32,10,15,0.7619047619047619,0.6808510638297872,0.7191011235955055,5.428571428571429,28,12.125,32,7.173913043478261,23,5.851851851851852,27
Anand Vihar Delhi DPCC,12,2,116,79,54,25,62,0.6835443037974683,0.46551724137931033,0.5538461538461538,4.512820512820513,39,6.537037037037037,54,7.0344827586206895,29,4.527777777777778,36
Anand Vihar Delhi DPCC,12,3,89,70,50,20,39,0.7142857142857143,0.5617977528089888,0.6289308176100629,4.771428571428571,35,7.02,50,7.076923076923077,26,4.636363636363637,33
Anand Vihar Delhi DPCC,12,6,51,53,33,20,18,0.6226415094339622,0.6470588235294118,0.6346153846153846,5.869565217391305,23,9.575757575757576,33,7.157894736842105,19,5.125,24
Anand Vihar Delhi DPCC,24,2,111,77,51,26,60,0.6623376623376623,0.4594594594594595,0.5425531914893618,4.117647058823529,34,7.372549019607843,51,7.12,25,4.090909090909091,33
Anand Vihar Delhi DPCC,24,3,87,67,48,19,39,0.7164179104477612,0.5517241379310345,0.6233766233766233,4.129032258064516,31,7.6875,48,6.956521739130435,23,4.161290322580645,31
Anand Vihar Delhi DPCC,24,6,54,49,35,14,19,0.7142857142857143,0.6481481481481481,0.6796116504854369,5.217391304347826,23,10.228571428571428,35,7.052631578947368,19,4.423076923076923,26
Ashok Vihar Delhi DPCC,1,2,54,54,46,8,8,0.8518518518518519,0.8518518518518519,0.8518518518518519,1.631578947368421,38,3.869565217391304,46,2.0,31,0.8378378378378378,37
Ashok Vihar Delhi DPCC,1,3,42,43,35,8,7,0.813953488372093,0.8333333333333334,0.8235294117647058,1.8148148148148149,27,4.771428571428571,35,2.65,20,0.8076923076923077,26
Ashok Vihar Delhi DPCC,1,6,26,23,22,1,4,0.9565217391304348,0.8461538461538461,0.8979591836734695,2.0,17,6.681818181818182,22,2.769230769230769,13,0.875,16
Ashok Vihar Delhi DPCC,6,2,60,41,34,7,26,0.8292682926829268,0.5666666666666667,0.6732673267326732,5.7,20,5.4411764705882355,34,6.6,15,4.473684210526316,19
Ashok Vihar Delhi DPCC,6,3,45,34,30,4,15,0.8823529411764706,0.6666666666666666,0.7594936708860759,5.9411764705882355,17,5.7,30,6.75,12,5.4,15
Ashok Vihar Delhi DPCC,6,6,25,19,16,3,9,0.8421052631578947,0.64,0.7272727272727272,8.818181818181818,11,10.5,16,8.875,8,8.0,9
Ashok Vihar Delhi DPCC,12,2,63,43,31,12,32,0.7209302325581395,0.49206349206349204,0.5849056603773584,4.833333333333333,18,5.645161290322581,31,10.75,12,6.357142857142857,14
Ashok Vihar Delhi DPCC,12,3,47,38,27,11,20,0.7105263157894737,0.574468085106383,0.6352941176470589,5.375,16,6.296296296296297,27,11.545454545454545,11,7.166666666666667,12
Ashok Vihar Delhi DPCC,12,6,30,25,21,4,9,0.84,0.7,0.7636363636363636,7.8,10,7.666666666666667,21,15.625,8,9.11111111111111,9
Ashok Vihar Delhi DPCC,24,2,61,43,31,12,30,0.7209302325581395,0.5081967213114754,0.5961538461538461,5.533333333333333,15,7.290322580645161,31,2.2,5,4.909090909090909,11
Ashok Vihar Delhi DPCC,24,3,47,36,28,8,19,0.7777777777777778,0.5957446808510638,0.674698795180723,5.533333333333333,15,7.892857142857143,28,2.2,5,6.0,9
Ashok Vihar Delhi DPCC,24,6,30,24,21,3,9,0.875,0.7,0.7777777777777777,8.0,10,10.380952380952381,21,2.75,4,7.428571428571429,7
Bawana Delhi DPCC,1,2,119,112,98,14,21,0.875,0.8235294117647058,0.8484848484848485,2.0126582278481013,79,4.091836734693878,98,2.5416666666666665,72,1.3448275862068966,87
Bawana Delhi DPCC,1,3,91,92,78,14,13,0.8478260869565217,0.8571428571428571,0.8524590163934426,2.21875,64,4.858974358974359,78,2.8275862068965516,58,1.1323529411764706,68
Bawana Delhi DPCC,1,6,65,58,54,4,11,0.9310344827586207,0.8307692307692308,0.8780487804878049,2.738095238095238,42,6.407407407407407,54,3.736842105263158,38,1.326086956521739,46
Bawana Delhi DPCC,6,2,122,89,70,19,52,0.7865168539325843,0.5737704918032787,0.6635071090047393,6.411764705882353,51,8.685714285714285,70,8.975,40,5.02,50
Bawana Delhi DPCC,6,3,93,72,60,12,33,0.8333333333333334,0.6451612903225806,0.7272727272727272,6.822222222222222,45,9.733333333333333,60,9.342857142857143,35,5.6976744186046515,43
Bawana Delhi DPCC,6,6,60,50,39,11,21,0.78,0.65,0.709090909090909,6.896551724137931,29,11.282051282051283,39,11.0,25,7.121212121212121,33
Bawana Delhi DPCC,12,2,122,96,70,26,52,0.7291666666666666,0.5737704918032787,0.6422018348623854,4.74,50,5.371428571428571,70,9.837837837837839,37,7.0,45
Bawana Delhi DPCC,12,3,94,80,60,20,34,0.75,0.6382978723404256,0.6896551724137931,4.790697674418604,43,5.9,60,10.483870967741936,31,7.923076923076923,39
Bawana Delhi DPCC,12,6,60,55,38,17,22,0.6909090909090909,0.6333333333333333,0.6608695652173913,5.862068965517241,29,7.657894736842105,38,11.08695652173913,23,9.76923076923077,26
Bawana Delhi DPCC,24,2,121,97,66,31,55,0.6804123711340206,0.5454545454545454,0.6055045871559633,6.093023255813954,43,6.333333333333333,66,7.181818181818182,33,4.069767441860465,43
Bawana Delhi DPCC,24,3,93,83,54,29,39,0.6506024096385542,0.5806451612903226,0.6136363636363636,7.117647058823529,34,7.462962962962963,54,8.153846153846153,26,4.705882352941177,34
Bawana Delhi DPCC,24,6,63,56,40,16,23,0.7142857142857143,0.6349206349206349,0.6722689075630252,8.76,25,9.3,40,9.15,20,5.444444444444445,27
CRRI Mathura Road Delhi IMD,1,2,62,48,44,4,18,0.9166666666666666,0.7096774193548387,0.7999999999999999,1.15,40,1.4772727272727273,44,1.236842105263158,38,1.075,40
CRRI Mathura Road Delhi IMD,1,3,50,39,38,1,12,0.9743589743589743,0.76,0.853932584269663,1.1470588235294117,34,1.5263157894736843,38,1.375,32,1.1470588235294117,34
CRRI Mathura Road Delhi IMD,1,6,29,23,22,1,7,0.9565217391304348,0.7586206896551724,0.8461538461538461,1.1904761904761905,21,1.8636363636363635,22,0.7894736842105263,19,0.631578947368421,19
CRRI Mathura Road Delhi IMD,6,2,62,33,24,9,38,0.7272727272727273,0.3870967741935484,0.505263157894737,3.8,20,4.125,24,6.823529411764706,17,3.6470588235294117,17
CRRI Mathura Road Delhi IMD,6,3,47,26,21,5,26,0.8076923076923077,0.44680851063829785,0.5753424657534246,3.8947368421052633,19,4.571428571428571,21,7.1875,16,3.8125,16
CRRI Mathura Road Delhi IMD,6,6,29,18,18,0,11,1.0,0.6206896551724138,0.7659574468085107,4.176470588235294,17,5.055555555555555,18,7.428571428571429,14,4.642857142857143,14
CRRI Mathura Road Delhi IMD,12,2,61,37,23,14,38,0.6216216216216216,0.3770491803278688,0.4693877551020408,3.2222222222222223,18,2.391304347826087,23,5.8,15,2.9444444444444446,18
CRRI Mathura Road Delhi IMD,12,3,49,34,23,11,26,0.6764705882352942,0.46938775510204084,0.5542168674698795,3.2222222222222223,18,2.608695652173913,23,5.8,15,2.8823529411764706,17
CRRI Mathura Road Delhi IMD,12,6,31,23,18,5,13,0.782608695652174,0.5806451612903226,0.6666666666666667,3.642857142857143,14,3.0555555555555554,18,7.0,11,3.3846153846153846,13
CRRI Mathura Road Delhi IMD,24,2,59,35,24,11,35,0.6857142857142857,0.4067796610169492,0.5106382978723405,2.7777777777777777,18,4.291666666666667,24,6.3076923076923075,13,4.875,16
CRRI Mathura Road Delhi IMD,24,3,45,33,22,11,23,0.6666666666666666,0.4888888888888889,0.5641025641025641,2.7777777777777777,18,4.681818181818182,22,6.3076923076923075,13,4.933333333333334,15
CRRI Mathura Road Delhi IMD,24,6,29,21,15,6,14,0.7142857142857143,0.5172413793103449,0.6000000000000001,2.076923076923077,13,5.666666666666667,15,6.8,10,5.9,10
DTU Delhi CPCB,1,2,93,95,84,11,9,0.8842105263157894,0.9032258064516129,0.8936170212765957,1.4342105263157894,76,2.2857142857142856,84,0.8591549295774648,71,0.8227848101265823,79
DTU Delhi CPCB,1,3,76,70,65,5,11,0.9285714285714286,0.8552631578947368,0.8904109589041096,1.5084745762711864,59,2.6769230769230767,65,0.9629629629629629,54,0.8666666666666667,60
DTU Delhi CPCB,1,6,38,38,34,4,4,0.8947368421052632,0.8947368421052632,0.8947368421052632,1.9666666666666666,30,4.205882352941177,34,1.5384615384615385,26,0.8666666666666667,30
DTU Delhi CPCB,6,2,97,65,41,24,56,0.6307692307692307,0.422680412371134,0.5061728395061729,5.161290322580645,31,6.2439024390243905,41,6.48,25,4.266666666666667,30
DTU Delhi CPCB,6,3,78,53,39,14,39,0.7358490566037735,0.5,0.5954198473282442,5.266666666666667,30,6.461538461538462,39,6.48,25,4.241379310344827,29
DTU Delhi CPCB,6,6,35,33,25,8,10,0.7575757575757576,0.7142857142857143,0.7352941176470589,6.571428571428571,21,8.96,25,7.368421052631579,19,4.954545454545454,22
DTU Delhi CPCB,12,2,101,67,44,23,57,0.6567164179104478,0.43564356435643564,0.5238095238095238,8.0,34,7.0,44,14.16,25,7.166666666666667,30
DTU Delhi CPCB,12,3,84,60,42,18,42,0.7,0.5,0.5833333333333334,8.09375,32,7.285714285714286,42,14.826086956521738,23,7.607142857142857,28
DTU Delhi CPCB,12,6,42,35,27,8,15,0.7714285714285715,0.6428571428571429,0.7012987012987013,11.68421052631579,19,10.407407407407407,27,20.666666666666668,15,10.055555555555555,18
DTU Delhi CPCB,24,2,99,62,39,23,60,0.6290322580645161,0.3939393939393939,0.48447204968944096,7.3,30,6.538461538461538,39,9.681818181818182,22,5.0,27
DTU Delhi CPCB,24,3,81,50,32,18,49,0.64,0.3950617283950617,0.48854961832061067,8.583333333333334,24,7.75,32,11.294117647058824,17,5.681818181818182,22
DTU Delhi CPCB,24,6,39,28,20,8,19,0.7142857142857143,0.5128205128205128,0.5970149253731343,13.153846153846153,13,11.5,20,18.25,8,8.583333333333334,12
Dr. Karni Singh Shooting Range Delhi DPCC,1,2,53,47,40,7,13,0.851063829787234,0.7547169811320755,0.8,4.857142857142857,28,5.575,40,4.428571428571429,21,2.107142857142857,28
Dr. Karni Singh Shooting Range Delhi DPCC,1,3,39,36,30,6,9,0.8333333333333334,0.7692307692307693,0.8,6.315789473684211,19,6.966666666666667,30,6.230769230769231,13,2.7,20
Dr. Karni Singh Shooting Range Delhi DPCC,1,6,27,31,25,6,2,0.8064516129032258,0.9259259259259259,0.8620689655172414,7.3125,16,8.16,25,7.8,10,3.466666666666667,15
Dr. Karni Singh Shooting Range Delhi DPCC,6,2,58,49,31,18,27,0.6326530612244898,0.5344827586206896,0.5794392523364486,11.4,15,8.161290322580646,31,9.0,7,5.75,12
Dr. Karni Singh Shooting Range Delhi DPCC,6,3,42,38,27,11,15,0.7105263157894737,0.6428571428571429,0.6749999999999999,11.4,15,9.148148148148149,27,9.0,7,5.75,12
Dr. Karni Singh Shooting Range Delhi DPCC,6,6,26,26,19,7,7,0.7307692307692307,0.7307692307692307,0.7307692307692306,12.9,10,12.0,19,5.75,4,7.222222222222222,9
Dr. Karni Singh Shooting Range Delhi DPCC,12,2,64,54,32,22,32,0.5925925925925926,0.5,0.5423728813559322,6.117647058823529,17,6.4375,32,4.857142857142857,7,11.777777777777779,9
Dr. Karni Singh Shooting Range Delhi DPCC,12,3,47,43,25,18,22,0.5813953488372093,0.5319148936170213,0.5555555555555555,8.416666666666666,12,8.0,25,6.75,4,16.666666666666668,6
Dr. Karni Singh Shooting Range Delhi DPCC,12,6,29,33,21,12,8,0.6363636363636364,0.7241379310344828,0.6774193548387097,9.9,10,10.19047619047619,21,6.75,4,12.5,6
Dr. Karni Singh Shooting Range Delhi DPCC,24,2,63,56,37,19,26,0.6607142857142857,0.5873015873015873,0.6218487394957983,3.7058823529411766,17,8.378378378378379,37,7.6,10,4.0,13
Dr. Karni Singh Shooting Range Delhi DPCC,24,3,49,49,32,17,17,0.6530612244897959,0.6530612244897959,0.6530612244897959,4.538461538461538,13,9.1875,32,9.571428571428571,7,4.6,10
Dr. Karni Singh Shooting Range Delhi DPCC,24,6,32,31,21,10,11,0.6774193548387096,0.65625,0.6666666666666667,6.111111111111111,9,13.095238095238095,21,16.25,4,7.333333333333333,6
IHBAS Dilshad Garden Delhi CPCB,1,2,98,77,66,11,32,0.8571428571428571,0.673469387755102,0.7542857142857142,1.8615384615384616,65,1.7878787878787878,66,2.0677966101694913,59,1.15,60
IHBAS Dilshad Garden Delhi CPCB,1,3,75,59,49,10,26,0.8305084745762712,0.6533333333333333,0.7313432835820896,2.1875,48,2.0,49,2.5238095238095237,42,1.186046511627907,43
IHBAS Dilshad Garden Delhi CPCB,1,6,36,33,28,5,8,0.8484848484848485,0.7777777777777778,0.8115942028985507,3.0,27,2.642857142857143,28,3.590909090909091,22,1.173913043478261,23
IHBAS Dilshad Garden Delhi CPCB,6,2,105,70,46,24,59,0.6571428571428571,0.4380952380952381,0.5257142857142856,3.3947368421052633,38,3.282608695652174,46,5.32258064516129,31,3.1515151515151514,33
IHBAS Dilshad Garden Delhi CPCB,6,3,83,57,38,19,45,0.6666666666666666,0.4578313253012048,0.5428571428571428,3.8125,32,3.710526315789474,38,5.576923076923077,26,3.074074074074074,27
IHBAS Dilshad Garden Delhi CPCB,6,6,34,31,23,8,11,0.7419354838709677,0.6764705882352942,0.7076923076923077,5.090909090909091,22,4.782608695652174,23,7.294117647058823,17,3.5,18
IHBAS Dilshad Garden Delhi CPCB,12,2,107,55,38,17,69,0.6909090909090909,0.35514018691588783,0.4691358024691358,4.433333333333334,30,4.131578947368421,38,7.636363636363637,22,4.407407407407407,27
IHBAS Dilshad Garden Delhi CPCB,12,3,81,44,35,9,46,0.7954545454545454,0.43209876543209874,0.5599999999999999,4.142857142857143,28,4.6571428571428575,35,7.6,20,4.5,24
IHBAS Dilshad Garden Delhi CPCB,12,6,38,33,24,9,14,0.7272727272727273,0.631578947368421,0.676056338028169,5.526315789473684,19,5.583333333333333,24,9.066666666666666,15,5.0,18
IHBAS Dilshad Garden Delhi CPCB,24,2,108,59,41,18,67,0.6949152542372882,0.37962962962962965,0.4910179640718563,3.3870967741935485,31,3.902439024390244,41,8.0,21,4.392857142857143,28
IHBAS Dilshad Garden Delhi CPCB,24,3,84,50,32,18,52,0.64,0.38095238095238093,0.4776119402985074,3.6956521739130435,23,4.59375,32,8.714285714285714,14,4.55,20
IHBAS Dilshad Garden Delhi CPCB,24,6,40,33,21,12,19,0.6363636363636364,0.525,0.5753424657534246,4.277777777777778,18,5.809523809523809,21,9.545454545454545,11,7.363636363636363,11
ITO Delhi CPCB,1,2,91,85,75,10,16,0.8823529411764706,0.8241758241758241,0.8522727272727273,3.0,66,3.56,75,3.607142857142857,56,1.171875,64
ITO Delhi CPCB,1,3,78,72,65,7,13,0.9027777777777778,0.8333333333333334,0.8666666666666667,3.2203389830508473,59,4.0,65,3.9591836734693877,49,1.2407407407407407,54
ITO Delhi CPCB,1,6,59,56,51,5,8,0.9107142857142857,0.864406779661017,0.8869565217391304,3.5217391304347827,46,4.803921568627451,51,4.394736842105263,38,1.4285714285714286,42
ITO Delhi CPCB,6,2,95,85,61,24,34,0.7176470588235294,0.6421052631578947,0.6777777777777779,6.955555555555556,45,7.852459016393443,61,9.837837837837839,37,5.818181818181818,44
ITO Delhi CPCB,6,3,83,79,57,22,26,0.7215189873417721,0.6867469879518072,0.7037037037037036,6.976190476190476,42,8.12280701754386,57,9.970588235294118,34,6.219512195121951,41
ITO Delhi CPCB,6,6,59,58,41,17,18,0.7068965517241379,0.6949152542372882,0.7008547008547009,7.882352941176471,34,9.487804878048781,41,12.88888888888889,27,7.848484848484849,33
ITO Delhi CPCB,12,2,95,90,55,35,40,0.6111111111111112,0.5789473684210527,0.5945945945945946,8.097560975609756,41,8.872727272727273,55,14.606060606060606,33,8.1,40
ITO Delhi CPCB,12,3,85,81,52,29,33,0.6419753086419753,0.611764705882353,0.6265060240963856,7.894736842105263,38,9.211538461538462,52,14.966666666666667,30,8.72972972972973,37
ITO Delhi CPCB,12,6,65,63,46,17,19,0.7301587301587301,0.7076923076923077,0.7187500000000001,8.696969696969697,33,10.108695652173912,46,15.692307692307692,26,9.333333333333334,33
ITO Delhi CPCB,24,2,94,100,57,43,37,0.57,0.6063829787234043,0.5876288659793814,8.625,40,7.298245614035087,57,13.32258064516129,31,5.2368421052631575,38
ITO Delhi CPCB,24,3,81,90,52,38,29,0.5777777777777777,0.6419753086419753,0.6081871345029239,8.75,36,7.769230769230769,52,13.814814814814815,27,5.666666666666667,33
ITO Delhi CPCB,24,6,59,61,40,21,19,0.6557377049180327,0.6779661016949152,0.6666666666666666,10.068965517241379,29,9.4,40,15.454545454545455,22,6.708333333333333,24
Jahangirpuri Delhi DPCC,1,2,78,76,65,11,13,0.8552631578947368,0.8333333333333334,0.8441558441558442,1.4528301886792452,53,2.9692307692307693,65,1.434782608695652,46,1.2181818181818183,55
Jahangirpuri Delhi DPCC,1,3,60,55,50,5,10,0.9090909090909091,0.8333333333333334,0.8695652173913043,1.575,40,3.58,50,1.7272727272727273,33,1.35,40
Jahangirpuri Delhi DPCC,1,6,35,32,29,3,6,0.90625,0.8285714285714286,0.8656716417910447,1.6363636363636365,22,5.310344827586207,29,1.8888888888888888,18,1.7391304347826086,23
Jahangirpuri Delhi DPCC,6,2,82,47,42,5,40,0.8936170212765957,0.5121951219512195,0.6511627906976745,5.16,25,5.380952380952381,42,5.722222222222222,18,3.888888888888889,27
Jahangirpuri Delhi DPCC,6,3,60,41,34,7,26,0.8292682926829268,0.5666666666666667,0.6732673267326732,5.904761904761905,21,6.264705882352941,34,6.266666666666667,15,4.142857142857143,21
Jahangirpuri Delhi DPCC,6,6,33,31,24,7,9,0.7741935483870968,0.7272727272727273,0.7500000000000001,6.875,16,7.916666666666667,24,6.916666666666667,12,4.222222222222222,18
Jahangirpuri Delhi DPCC,12,2,84,51,39,12,45,0.7647058823529411,0.4642857142857143,0.5777777777777777,2.3181818181818183,22,8.461538461538462,39,4.928571428571429,14,3.4761904761904763,21
Jahangirpuri Delhi DPCC,12,3,63,42,32,10,31,0.7619047619047619,0.5079365079365079,0.6095238095238095,2.8823529411764706,17,9.84375,32,5.2,10,3.625,16
Jahangirpuri Delhi DPCC,12,6,35,29,21,8,14,0.7241379310344828,0.6,0.65625,4.666666666666667,12,9.904761904761905,21,8.5,8,7.3,10
Jahangirpuri Delhi DPCC,24,2,90,58,42,16,48,0.7241379310344828,0.4666666666666667,0.5675675675675675,3.65,20,4.5,42,8.4,10,3.75,16
Jahangirpuri Delhi DPCC,24,3,67,49,37,12,30,0.7551020408163265,0.5522388059701493,0.6379310344827587,3.764705882352941,17,4.702702702702703,37,8.4,10,4.714285714285714,14
Jahangirpuri Delhi DPCC,24,6,35,34,22,12,13,0.6470588235294118,0.6285714285714286,0.6376811594202899,5.5,10,6.090909090909091,22,10.142857142857142,7,4.8,10
Jawaharlal Nehru Stadium Delhi DPCC,1,2,46,47,41,6,5,0.8723404255319149,0.8913043478260869,0.8817204301075269,1.4411764705882353,34,4.121951219512195,41,2.8,30,1.4594594594594594,37
Jawaharlal Nehru Stadium Delhi DPCC,1,3,40,45,39,6,1,0.8666666666666667,0.975,0.9176470588235294,1.4848484848484849,33,4.282051282051282,39,2.8,30,1.4722222222222223,36
Jawaharlal Nehru Stadium Delhi DPCC,1,6,32,33,27,6,5,0.8181818181818182,0.84375,0.8307692307692308,1.4583333333333333,24,5.851851851851852,27,3.0434782608695654,23,1.7692307692307692,26
Jawaharlal Nehru Stadium Delhi DPCC,6,2,46,43,30,13,16,0.6976744186046512,0.6521739130434783,0.6741573033707865,9.409090909090908,22,7.933333333333334,30,16.235294117647058,17,6.954545454545454,22
Jawaharlal Nehru Stadium Delhi DPCC,6,3,40,38,27,11,13,0.7105263157894737,0.675,0.6923076923076923,10.3,20,8.703703703703704,27,16.235294117647058,17,6.954545454545454,22
Jawaharlal Nehru Stadium Delhi DPCC,6,6,31,27,21,6,10,0.7777777777777778,0.6774193548387096,0.7241379310344828,11.38888888888889,18,10.761904761904763,21,17.0,16,7.894736842105263,19
Jawaharlal Nehru Stadium Delhi DPCC,12,2,47,42,32,10,15,0.7619047619047619,0.6808510638297872,0.7191011235955055,8.083333333333334,24,7.96875,32,15.263157894736842,19,7.782608695652174,23
Jawaharlal Nehru Stadium Delhi DPCC,12,3,41,36,28,8,13,0.7777777777777778,0.6829268292682927,0.7272727272727273,8.727272727272727,22,9.107142857142858,28,16.055555555555557,18,8.333333333333334,21
Jawaharlal Nehru Stadium Delhi DPCC,12,6,33,28,25,3,8,0.8928571428571429,0.7575757575757576,0.819672131147541,9.6,20,9.88,25,16.647058823529413,17,8.45,20
Jawaharlal Nehru Stadium Delhi DPCC,24,2,49,36,32,4,17,0.8888888888888888,0.6530612244897959,0.7529411764705882,8.5,22,7.65625,32,15.105263157894736,19,6.96,25
Jawaharlal Nehru Stadium Delhi DPCC,24,3,40,32,28,4,12,0.875,0.7,0.7777777777777777,8.55,20,8.535714285714286,28,15.944444444444445,18,7.2272727272727275,22
Jawaharlal Nehru Stadium Delhi DPCC,24,6,32,25,23,2,9,0.92,0.71875,0.8070175438596492,6.411764705882353,17,7.913043478260869,23,13.8125,16,7.526315789473684,19
Major Dhyan Chand National Stadium Delhi DPCC,1,2,58,60,46,14,12,0.7666666666666667,0.7931034482758621,0.7796610169491527,3.3055555555555554,36,1.6521739130434783,46,2.65625,32,0.9,40
Major Dhyan Chand National Stadium Delhi DPCC,1,3,43,50,40,10,3,0.8,0.9302325581395349,0.8602150537634408,3.5161290322580645,31,1.875,40,3.037037037037037,27,1.088235294117647,34
Major Dhyan Chand National Stadium Delhi DPCC,1,6,36,37,30,7,6,0.8108108108108109,0.8333333333333334,0.8219178082191781,3.869565217391304,23,2.033333333333333,30,2.95,20,1.0,25
Major Dhyan Chand National Stadium Delhi DPCC,6,2,63,55,37,18,26,0.6727272727272727,0.5873015873015873,0.6271186440677966,6.0,22,5.594594594594595,37,8.444444444444445,18,3.875,24
Major Dhyan Chand National Stadium Delhi DPCC,6,3,46,50,32,18,14,0.64,0.6956521739130435,0.6666666666666666,6.15,20,6.28125,32,8.625,16,4.142857142857143,21
Major Dhyan Chand National Stadium Delhi DPCC,6,6,32,33,21,12,11,0.6363636363636364,0.65625,0.6461538461538462,6.133333333333334,15,8.714285714285714,21,7.769230769230769,13,4.5,18
Major Dhyan Chand National Stadium Delhi DPCC,12,2,62,62,34,28,28,0.5483870967741935,0.5483870967741935,0.5483870967741935,4.2272727272727275,22,6.0,34,6.647058823529412,17,4.409090909090909,22
Major Dhyan Chand National Stadium Delhi DPCC,12,3,45,51,28,23,17,0.5490196078431373,0.6222222222222222,0.5833333333333334,4.55,20,7.071428571428571,28,7.0,15,4.888888888888889,18
Major Dhyan Chand National Stadium Delhi DPCC,12,6,32,40,22,18,10,0.55,0.6875,0.6111111111111112,5.666666666666667,15,8.727272727272727,22,7.769230769230769,13,5.6,15
Major Dhyan Chand National Stadium Delhi DPCC,24,2,67,65,42,23,25,0.6461538461538462,0.6268656716417911,0.6363636363636365,9.173913043478262,23,7.0476190476190474,42,7.933333333333334,15,5.68,25
Major Dhyan Chand National Stadium Delhi DPCC,24,3,52,55,36,19,16,0.6545454545454545,0.6923076923076923,0.6728971962616823,10.25,20,8.083333333333334,36,9.083333333333334,12,6.380952380952381,21
Major Dhyan Chand National Stadium Delhi DPCC,24,6,34,40,25,15,9,0.625,0.7352941176470589,0.6756756756756757,12.6875,16,11.32,25,9.083333333333334,12,7.588235294117647,17
Mandir Marg Delhi DPCC,1,2,66,65,55,10,11,0.8461538461538461,0.8333333333333334,0.8396946564885497,1.7272727272727273,44,3.036363636363636,55,1.8529411764705883,34,1.0,43
Mandir Marg Delhi DPCC,1,3,61,53,47,6,14,0.8867924528301887,0.7704918032786885,0.8245614035087719,1.7837837837837838,37,3.425531914893617,47,1.9310344827586208,29,1.054054054054054,37
Mandir Marg Delhi DPCC,1,6,40,32,30,2,10,0.9375,0.75,0.8333333333333334,1.5,24,4.8,30,2.1666666666666665,18,0.9545454545454546,22
Mandir Marg Delhi DPCC,6,2,67,55,41,14,26,0.7454545454545455,0.6119402985074627,0.6721311475409837,6.0,26,7.536585365853658,41,8.222222222222221,18,6.041666666666667,24
Mandir Marg Delhi DPCC,6,3,59,48,36,12,23,0.75,0.6101694915254238,0.6728971962616822,6.458333333333333,24,8.5,36,9.0625,16,6.5,22
Mandir Marg Delhi DPCC,6,6,35,27,25,2,10,0.9259259259259259,0.7142857142857143,0.8064516129032259,6.368421052631579,19,11.64,25,10.307692307692308,13,8.588235294117647,17
Mandir Marg Delhi DPCC,12,2,66,51,41,10,25,0.803921568627451,0.6212121212121212,0.7008547008547008,3.4615384615384617,26,6.439024390243903,41,6.733333333333333,15,6.444444444444445,18
Mandir Marg Delhi DPCC,12,3,61,47,38,9,23,0.8085106382978723,0.6229508196721312,0.7037037037037038,3.6956521739130435,23,6.894736842105263,38,6.733333333333333,15,6.444444444444445,18
Mandir Marg Delhi DPCC,12,6,38,42,30,12,8,0.7142857142857143,0.7894736842105263,0.7500000000000001,2.5555555555555554,18,7.333333333333333,30,6.615384615384615,13,6.9375,16
Mandir Marg Delhi DPCC,24,2,67,54,46,8,21,0.8518518518518519,0.6865671641791045,0.7603305785123967,5.233333333333333,30,4.934782608695652,46,5.6875,16,5.333333333333333,24
Mandir Marg Delhi DPCC,24,3,62,49,42,7,20,0.8571428571428571,0.6774193548387096,0.7567567567567567,5.038461538461538,26,4.9523809523809526,42,5.384615384615385,13,5.857142857142857,21
Mandir Marg Delhi DPCC,24,6,37,34,27,7,10,0.7941176470588235,0.7297297297297297,0.7605633802816901,3.4705882352941178,17,6.518518518518518,27,5.909090909090909,11,5.875,16
Mundka Delhi DPCC,1,2,66,71,57,14,9,0.8028169014084507,0.8636363636363636,0.832116788321168,2.4444444444444446,45,3.0526315789473686,57,2.135135135135135,37,1.488888888888889,45
Mundka Delhi DPCC,1,3,52,58,49,9,3,0.8448275862068966,0.9423076923076923,0.890909090909091,2.8947368421052633,38,3.36734693877551,49,2.4838709677419355,31,1.4736842105263157,38
Mundka Delhi DPCC,1,6,35,33,29,4,6,0.8787878787878788,0.8285714285714286,0.8529411764705883,4.090909090909091,22,4.827586206896552,29,3.764705882352941,17,2.1818181818181817,22
Mundka Delhi DPCC,6,2,68,56,42,14,26,0.75,0.6176470588235294,0.6774193548387097,6.238095238095238,21,7.976190476190476,42,11.4375,16,6.3478260869565215,23
Mundka Delhi DPCC,6,3,54,48,37,11,17,0.7708333333333334,0.6851851851851852,0.7254901960784315,6.5,20,9.0,37,12.0,15,6.761904761904762,21
Mundka Delhi DPCC,6,6,35,31,26,5,9,0.8387096774193549,0.7428571428571429,0.787878787878788,6.9411764705882355,17,11.807692307692308,26,12.923076923076923,13,7.611111111111111,18
Mundka Delhi DPCC,12,2,74,61,43,18,31,0.7049180327868853,0.581081081081081,0.637037037037037,7.333333333333333,21,6.930232558139535,43,8.571428571428571,14,6.380952380952381,21
Mundka Delhi DPCC,12,3,58,46,35,11,23,0.7608695652173914,0.603448275862069,0.673076923076923,8.052631578947368,19,8.4,35,9.0,13,7.277777777777778,18
Mundka Delhi DPCC,12,6,37,32,25,7,12,0.78125,0.6756756756756757,0.7246376811594203,10.214285714285714,14,11.16,25,11.0,10,10.727272727272727,11
Mundka Delhi DPCC,24,2,70,55,40,15,30,0.7272727272727273,0.5714285714285714,0.64,6.473684210526316,19,7.325,40,7.2727272727272725,11,7.176470588235294,17
Mundka Delhi DPCC,24,3,56,41,32,9,24,0.7804878048780488,0.5714285714285714,0.6597938144329897,8.2,15,9.03125,32,8.777777777777779,9,8.642857142857142,14
Mundka Delhi DPCC,24,6,34,32,24,8,10,0.75,0.7058823529411765,0.7272727272727272,8.785714285714286,14,11.833333333333334,24,8.777777777777779,9,9.153846153846153,13
NSIT Dwarka Delhi CPCB,1,2,127,133,109,24,18,0.8195488721804511,0.8582677165354331,0.8384615384615385,1.77,100,2.7889908256880735,109,2.78125,96,1.6568627450980393,102
NSIT Dwarka Delhi CPCB,1,3,114,114,100,14,14,0.8771929824561403,0.8771929824561403,0.8771929824561403,1.879120879120879,91,2.96,100,2.9318181818181817,88,1.6914893617021276,94
NSIT Dwarka Delhi CPCB,1,6,88,85,79,6,9,0.9294117647058824,0.8977272727272727,0.9132947976878613,1.9305555555555556,72,3.2911392405063293,79,3.0434782608695654,69,1.6756756756756757,74
NSIT Dwarka Delhi CPCB,6,2,129,122,85,37,44,0.6967213114754098,0.6589147286821705,0.6772908366533864,8.226666666666667,75,8.094117647058823,85,12.957142857142857,70,7.881578947368421,76
NSIT Dwarka Delhi CPCB,6,3,115,104,78,26,37,0.75,0.6782608695652174,0.7123287671232875,8.594202898550725,69,8.538461538461538,78,13.169230769230769,65,8.214285714285714,70
NSIT Dwarka Delhi CPCB,6,6,86,79,61,18,25,0.7721518987341772,0.7093023255813954,0.7393939393939394,9.771929824561404,57,10.557377049180328,61,14.654545454545454,55,9.637931034482758,58
NSIT Dwarka Delhi CPCB,12,2,130,111,78,33,52,0.7027027027027027,0.6,0.6473029045643154,7.485714285714286,70,7.833333333333333,78,15.571428571428571,63,9.223880597014926,67
NSIT Dwarka Delhi CPCB,12,3,113,96,68,28,45,0.7083333333333334,0.6017699115044248,0.6507177033492824,7.709677419354839,62,8.147058823529411,68,15.607142857142858,56,9.793103448275861,58
NSIT Dwarka Delhi CPCB,12,6,88,69,55,14,33,0.7971014492753623,0.625,0.7006369426751592,9.07843137254902,51,9.709090909090909,55,17.74468085106383,47,11.0,49
NSIT Dwarka Delhi CPCB,24,2,130,110,74,36,56,0.6727272727272727,0.5692307692307692,0.6166666666666667,6.225806451612903,62,6.5675675675675675,74,13.543859649122806,57,8.206349206349206,63
NSIT Dwarka Delhi CPCB,24,3,112,98,66,32,46,0.673469387755102,0.5892857142857143,0.6285714285714286,6.7272727272727275,55,7.136363636363637,66,14.25,52,8.655172413793103,58
NSIT Dwarka Delhi CPCB,24,6,82,64,50,14,32,0.78125,0.6097560975609756,0.684931506849315,7.651162790697675,43,8.1,50,15.560975609756097,41,9.27659574468085,47
Najafgarh Delhi DPCC,1,2,84,69,62,7,22,0.8985507246376812,0.7380952380952381,0.8104575163398693,1.7777777777777777,54,3.435483870967742,62,2.450980392156863,51,1.456140350877193,57
Najafgarh Delhi DPCC,1,3,62,51,46,5,16,0.9019607843137255,0.7419354838709677,0.8141592920353982,1.85,40,4.173913043478261,46,2.5945945945945947,37,1.5121951219512195,41
Najafgarh Delhi DPCC,1,6,37,31,28,3,9,0.9032258064516129,0.7567567567567568,0.823529411764706,1.7083333333333333,24,5.75,28,2.9523809523809526,21,1.9130434782608696,23
Najafgarh Delhi DPCC,6,2,87,54,35,19,52,0.6481481481481481,0.40229885057471265,0.49645390070921985,6.888888888888889,27,4.085714285714285,35,7.958333333333333,24,4.16,25
Najafgarh Delhi DPCC,6,3,64,50,33,17,31,0.66,0.515625,0.5789473684210525,7.32,25,4.333333333333333,33,8.454545454545455,22,4.434782608695652,23
Najafgarh Delhi DPCC,6,6,35,33,22,11,13,0.6666666666666666,0.6285714285714286,0.6470588235294118,8.263157894736842,19,5.863636363636363,22,9.875,16,5.882352941176471,17
Najafgarh Delhi DPCC,12,2,86,59,37,22,49,0.6271186440677966,0.43023255813953487,0.5103448275862069,10.461538461538462,26,6.486486486486487,37,10.590909090909092,22,3.4,25
Najafgarh Delhi DPCC,12,3,66,45,28,17,38,0.6222222222222222,0.42424242424242425,0.5045045045045045,12.947368421052632,19,8.25,28,12.1875,16,3.611111111111111,18
Najafgarh Delhi DPCC,12,6,41,32,24,8,17,0.75,0.5853658536585366,0.6575342465753423,14.0,17,9.458333333333334,24,13.571428571428571,14,3.875,16
Najafgarh Delhi DPCC,24,2,84,56,39,17,45,0.6964285714285714,0.4642857142857143,0.5571428571428572,7.44,25,5.794871794871795,39,7.75,20,4.185185185185185,27
Najafgarh Delhi DPCC,24,3,64,48,34,14,30,0.7083333333333334,0.53125,0.6071428571428571,8.571428571428571,21,6.4411764705882355,34,8.941176470588236,17,4.625,24
Najafgarh Delhi DPCC,24,6,39,36,24,12,15,0.6666666666666666,0.6153846153846154,0.64,10.5625,16,7.666666666666667,24,10.76923076923077,13,6.0588235294117645,17
Narela Delhi DPCC,1,2,105,100,84,16,21,0.84,0.8,0.8195121951219512,1.9857142857142858,70,2.142857142857143,84,2.7457627118644066,59,1.4142857142857144,70
Narela Delhi DPCC,1,3,83,81,71,10,12,0.8765432098765432,0.8554216867469879,0.8658536585365854,2.103448275862069,58,2.352112676056338,71,3.142857142857143,49,1.5,60
Narela Delhi DPCC,1,6,59,56,52,4,7,0.9285714285714286,0.8813559322033898,0.9043478260869564,2.3902439024390243,41,2.673076923076923,52,3.8529411764705883,34,1.7209302325581395,43
Narela Delhi DPCC,6,2,116,78,61,17,55,0.782051282051282,0.5258620689655172,0.6288659793814433,5.8,40,5.426229508196721,61,9.310344827586206,29,5.358974358974359,39
Narela Delhi DPCC,6,3,92,69,54,15,38,0.782608695652174,0.5869565217391305,0.6708074534161491,6.1891891891891895,37,5.944444444444445,54,9.5,28,5.742857142857143,35
Narela Delhi DPCC,6,6,54,44,36,8,18,0.8181818181818182,0.6666666666666666,0.7346938775510203,7.310344827586207,29,8.25,36,9.863636363636363,22,6.142857142857143,28
Narela Delhi DPCC,12,2,116,75,58,17,58,0.7733333333333333,0.5,0.6073298429319371,5.925,40,5.948275862068965,58,11.555555555555555,27,5.848484848484849,33
Narela Delhi DPCC,12,3,93,66,52,14,41,0.7878787878787878,0.5591397849462365,0.6540880503144654,6.3428571428571425,35,6.519230769230769,52,11.458333333333334,24,5.633333333333334,30
Narela Delhi DPCC,12,6,64,49,42,7,22,0.8571428571428571,0.65625,0.743362831858407,7.928571428571429,28,8.476190476190476,42,13.428571428571429,21,7.0,26
Narela Delhi DPCC,24,2,111,81,64,17,47,0.7901234567901234,0.5765765765765766,0.6666666666666667,5.295454545454546,44,5.03125,64,9.5,30,4.512195121951219,41
Narela Delhi DPCC,24,3,86,67,53,14,33,0.7910447761194029,0.6162790697674418,0.6928104575163397,6.176470588235294,34,5.962264150943396,53,10.652173913043478,23,5.0606060606060606,33
Narela Delhi DPCC,24,6,62,46,38,8,24,0.8260869565217391,0.6129032258064516,0.7037037037037037,6.608695652173913,23,6.973684210526316,38,8.933333333333334,15,4.541666666666667,24
Nehru Nagar Delhi DPCC,1,2,95,87,78,9,17,0.896551724137931,0.8210526315789474,0.8571428571428572,2.1363636363636362,66,5.0256410256410255,78,2.2857142857142856,56,1.196969696969697,66
Nehru Nagar Delhi DPCC,1,3,80,76,68,8,12,0.8947368421052632,0.85,0.8717948717948718,2.2857142857142856,56,5.602941176470588,68,2.4680851063829787,47,1.2456140350877194,57
Nehru Nagar Delhi DPCC,1,6,52,50,44,6,8,0.88,0.8461538461538461,0.8627450980392156,3.0,34,8.022727272727273,44,3.074074074074074,27,1.4857142857142858,35
Nehru Nagar Delhi DPCC,6,2,101,75,59,16,42,0.7866666666666666,0.5841584158415841,0.6704545454545454,7.2,40,7.559322033898305,59,11.266666666666667,30,7.078947368421052,38
Nehru Nagar Delhi DPCC,6,3,83,67,54,13,29,0.8059701492537313,0.6506024096385542,0.7200000000000001,7.857142857142857,35,8.166666666666666,54,12.23076923076923,26,7.705882352941177,34
Nehru Nagar Delhi DPCC,6,6,47,41,32,9,15,0.7804878048780488,0.6808510638297872,0.7272727272727273,10.08,25,12.46875,32,15.833333333333334,18,10.217391304347826,23
Nehru Nagar Delhi DPCC,12,2,103,90,60,30,43,0.6666666666666666,0.5825242718446602,0.621761658031088,5.613636363636363,44,9.65,60,5.787878787878788,33,6.076923076923077,39
Nehru Nagar Delhi DPCC,12,3,84,72,53,19,31,0.7361111111111112,0.6309523809523809,0.6794871794871795,6.1,40,10.79245283018868,53,6.413793103448276,29,7.0,33
Nehru Nagar Delhi DPCC,12,6,54,54,40,14,14,0.7407407407407407,0.7407407407407407,0.7407407407407407,8.148148148148149,27,13.125,40,6.2,20,7.5,24
Nehru Nagar Delhi DPCC,24,2,101,91,63,28,38,0.6923076923076923,0.6237623762376238,0.6562500000000001,4.809523809523809,42,9.476190476190476,63,4.866666666666666,30,5.325,40
Nehru Nagar Delhi DPCC,24,3,80,79,56,23,24,0.7088607594936709,0.7,0.7044025157232704,5.131578947368421,38,10.607142857142858,56,5.222222222222222,27,6.0588235294117645,34
Nehru Nagar Delhi DPCC,24,6,57,59,40,19,17,0.6779661016949152,0.7017543859649122,0.689655172413793,7.12,25,13.1,40,4.625,16,6.173913043478261,23
Okhla Phase-2 Delhi DPCC,1,2,43,40,36,4,7,0.9,0.8372093023255814,0.8674698795180723,2.12,25,1.7222222222222223,36,2.5,18,0.8076923076923077,26
Okhla Phase-2 Delhi DPCC,1,3,36,35,32,3,4,0.9142857142857143,0.8888888888888888,0.9014084507042254,2.272727272727273,22,1.875,32,2.75,16,0.8260869565217391,23
Okhla Phase-2 Delhi DPCC,1,6,22,23,21,2,1,0.9130434782608695,0.9545454545454546,0.9333333333333332,2.6875,16,2.238095238095238,21,3.090909090909091,11,1.0769230769230769,13
Okhla Phase-2 Delhi DPCC,6,2,44,36,26,10,18,0.7222222222222222,0.5909090909090909,0.65,5.846153846153846,13,5.615384615384615,26,6.571428571428571,7,5.777777777777778,9
Okhla Phase-2 Delhi DPCC,6,3,39,29,24,5,15,0.8275862068965517,0.6153846153846154,0.7058823529411765,6.333333333333333,12,6.083333333333333,24,6.571428571428571,7,5.777777777777778,9
Okhla Phase-2 Delhi DPCC,6,6,21,17,14,3,7,0.8235294117647058,0.6666666666666666,0.7368421052631577,6.111111111111111,9,9.071428571428571,14,5.0,6,6.375,8
Okhla Phase-2 Delhi DPCC,12,2,48,36,27,9,21,0.75,0.5625,0.6428571428571429,2.090909090909091,11,3.8518518518518516,27,4.571428571428571,7,2.4444444444444446,9
Okhla Phase-2 Delhi DPCC,12,3,41,32,24,8,17,0.75,0.5853658536585366,0.6575342465753423,2.3,10,4.25,24,4.571428571428571,7,2.4444444444444446,9
Okhla Phase-2 Delhi DPCC,12,6,28,22,18,4,10,0.8181818181818182,0.6428571428571429,0.7200000000000001,2.5,8,4.777777777777778,18,5.4,5,2.0,6
Okhla Phase-2 Delhi DPCC,24,2,45,42,28,14,17,0.6666666666666666,0.6222222222222222,0.6436781609195403,2.4285714285714284,14,3.8214285714285716,28,6.0,8,3.0833333333333335,12
Okhla Phase-2 Delhi DPCC,24,3,35,33,22,11,13,0.6666666666666666,0.6285714285714286,0.6470588235294118,2.909090909090909,11,4.636363636363637,22,6.0,8,3.0,11
Okhla Phase-2 Delhi DPCC,24,6,23,22,17,5,6,0.7727272727272727,0.7391304347826086,0.7555555555555555,3.2,10,5.764705882352941,17,5.285714285714286,7,2.2222222222222223,9
Patparganj Delhi DPCC,1,2,102,95,85,10,17,0.8947368421052632,0.8333333333333334,0.8629441624365481,2.4166666666666665,72,4.364705882352941,85,1.6885245901639345,61,1.3287671232876712,73
Patparganj Delhi DPCC,1,3,85,78,70,8,15,0.8974358974358975,0.8235294117647058,0.8588957055214724,2.6724137931034484,58,5.128571428571429,70,1.8333333333333333,48,1.4576271186440677,59
Patparganj Delhi DPCC,1,6,55,53,48,5,7,0.9056603773584906,0.8727272727272727,0.8888888888888888,3.475,40,6.854166666666667,48,2.088235294117647,34,1.7073170731707317,41
Patparganj Delhi DPCC,6,2,105,83,54,29,51,0.6506024096385542,0.5142857142857142,0.5744680851063829,8.4375,32,8.148148148148149,54,8.521739130434783,23,3.6176470588235294,34
Patparganj Delhi DPCC,6,3,85,67,48,19,37,0.7164179104477612,0.5647058823529412,0.631578947368421,9.25,28,9.0,48,8.761904761904763,21,3.9,30
Patparganj Delhi DPCC,6,6,51,42,29,13,22,0.6904761904761905,0.5686274509803921,0.6236559139784946,11.227272727272727,22,13.448275862068966,29,9.61111111111111,18,4.681818181818182,22
Patparganj Delhi DPCC,12,2,110,79,58,21,52,0.7341772151898734,0.5272727272727272,0.6137566137566137,7.157894736842105,38,7.5,58,8.206896551724139,29,4.617647058823529,34
Patparganj Delhi DPCC,12,3,93,69,48,21,45,0.6956521739130435,0.5161290322580645,0.5925925925925926,8.580645161290322,31,8.708333333333334,48,9.521739130434783,23,5.36,25
Patparganj Delhi DPCC,12,6,55,53,39,14,16,0.7358490566037735,0.7090909090909091,0.7222222222222221,10.0,25,9.794871794871796,39,8.952380952380953,21,4.739130434782608,23
Patparganj Delhi DPCC,24,2,108,81,57,24,51,0.7037037037037037,0.5277777777777778,0.6031746031746033,7.0,31,7.526315789473684,57,9.55,20,4.0344827586206895,29
Patparganj Delhi DPCC,24,3,91,71,53,18,38,0.7464788732394366,0.5824175824175825,0.654320987654321,7.642857142857143,28,7.811320754716981,53,9.736842105263158,19,4.071428571428571,28
Patparganj Delhi DPCC,24,6,56,48,36,12,20,0.75,0.6428571428571429,0.6923076923076924,9.428571428571429,21,9.777777777777779,36,8.647058823529411,17,3.4347826086956523,23
Punjabi Bagh Delhi DPCC,1,2,92,84,71,13,21,0.8452380952380952,0.7717391304347826,0.8068181818181818,1.8852459016393444,61,2.9577464788732395,71,1.5098039215686274,51,1.087719298245614,57
Punjabi Bagh Delhi DPCC,1,3,69,67,57,10,12,0.8507462686567164,0.8260869565217391,0.838235294117647,2.020408163265306,49,3.456140350877193,57,1.7179487179487178,39,1.2045454545454546,44
Punjabi Bagh Delhi DPCC,1,6,42,43,37,6,5,0.8604651162790697,0.8809523809523809,0.8705882352941177,2.6451612903225805,31,4.675675675675675,37,2.25,24,1.0714285714285714,28
Punjabi Bagh Delhi DPCC,6,2,99,60,48,12,51,0.8,0.48484848484848486,0.6037735849056605,5.892857142857143,28,5.354166666666667,48,6.909090909090909,22,2.5357142857142856,28
Punjabi Bagh Delhi DPCC,6,3,76,53,41,12,35,0.7735849056603774,0.5394736842105263,0.6356589147286822,6.076923076923077,26,5.878048780487805,41,6.85,20,2.739130434782609,23
Punjabi Bagh Delhi DPCC,6,6,41,31,25,6,16,0.8064516129032258,0.6097560975609756,0.6944444444444445,6.294117647058823,17,8.16,25,7.384615384615385,13,2.875,16
Punjabi Bagh Delhi DPCC,12,2,104,72,51,21,53,0.7083333333333334,0.49038461538461536,0.5795454545454546,8.0,31,6.392156862745098,51,6.666666666666667,21,3.642857142857143,28
Punjabi Bagh Delhi DPCC,12,3,80,64,43,21,37,0.671875,0.5375,0.5972222222222222,8.655172413793103,29,7.465116279069767,43,6.894736842105263,19,4.045454545454546,22
Punjabi Bagh Delhi DPCC,12,6,43,38,25,13,18,0.6578947368421053,0.5813953488372093,0.6172839506172839,13.25,16,11.2,25,6.8,10,4.545454545454546,11
Punjabi Bagh Delhi DPCC,24,2,100,69,51,18,49,0.7391304347826086,0.51,0.6035502958579881,8.733333333333333,30,8.470588235294118,51,5.526315789473684,19,2.607142857142857,28
Punjabi Bagh Delhi DPCC,24,3,75,59,44,15,31,0.7457627118644068,0.5866666666666667,0.6567164179104478,9.555555555555555,27,9.636363636363637,44,6.0,16,2.8636363636363638,22
Punjabi Bagh Delhi DPCC,24,6,47,45,31,14,16,0.6888888888888889,0.6595744680851063,0.6739130434782609,12.473684210526315,19,12.193548387096774,31,5.6,10,2.6666666666666665,15
Pusa Delhi DPCC,1,2,80,77,67,10,13,0.8701298701298701,0.8375,0.8535031847133757,1.5510204081632653,49,2.8507462686567164,67,1.6,40,0.8,55
Pusa Delhi DPCC,1,3,65,56,50,6,15,0.8928571428571429,0.7692307692307693,0.8264462809917357,1.7647058823529411,34,3.46,50,2.037037037037037,27,0.85,40
Pusa Delhi DPCC,1,6,34,30,28,2,6,0.9333333333333333,0.8235294117647058,0.8749999999999999,2.1666666666666665,18,5.25,28,2.8461538461538463,13,0.8,20
Pusa Delhi DPCC,6,2,84,53,40,13,44,0.7547169811320755,0.47619047619047616,0.5839416058394161,7.6521739130434785,23,7.85,40,4.066666666666666,15,5.863636363636363,22
Pusa Delhi DPCC,6,3,65,47,39,8,26,0.8297872340425532,0.6,0.6964285714285714,7.909090909090909,22,8.025641025641026,39,4.214285714285714,14,6.142857142857143,21
Pusa Delhi DPCC,6,6,25,28,21,7,4,0.75,0.84,0.7924528301886793,8.125,16,11.238095238095237,21,4.166666666666667,12,6.8,15
Pusa Delhi DPCC,12,2,80,58,40,18,40,0.6896551724137931,0.5,0.5797101449275363,7.0,25,8.05,40,6.071428571428571,14,4.95,20
Pusa Delhi DPCC,12,3,63,49,34,15,29,0.6938775510204082,0.5396825396825397,0.6071428571428572,7.863636363636363,22,9.323529411764707,34,6.538461538461538,13,5.705882352941177,17
Pusa Delhi DPCC,12,6,29,36,25,11,4,0.6944444444444444,0.8620689655172413,0.7692307692307692,10.76923076923077,13,11.64,25,6.111111111111111,9,6.769230769230769,13
Pusa Delhi DPCC,24,2,84,54,43,11,41,0.7962962962962963,0.5119047619047619,0.6231884057971014,5.913043478260869,23,6.232558139534884,43,3.1538461538461537,13,4.217391304347826,23
Pusa Delhi DPCC,24,3,66,47,37,10,29,0.7872340425531915,0.5606060606060606,0.6548672566371682,6.7,20,7.054054054054054,37,3.7,10,5.294117647058823,17
Pusa Delhi DPCC,24,6,36,28,24,4,12,0.8571428571428571,0.6666666666666666,0.75,11.090909090909092,11,9.875,24,1.8333333333333333,6,4.818181818181818,11
R K Puram Delhi DPCC,1,2,100,88,80,8,20,0.9090909090909091,0.8,0.8510638297872342,1.6875,64,2.95,80,2.7142857142857144,56,1.4090909090909092,66
R K Puram Delhi DPCC,1,3,83,75,68,7,15,0.9066666666666666,0.8192771084337349,0.8607594936708859,1.8,55,3.3088235294117645,68,3.021276595744681,47,1.462962962962963,54
R K Puram Delhi DPCC,1,6,54,49,47,2,7,0.9591836734693877,0.8703703703703703,0.912621359223301,1.9189189189189189,37,4.170212765957447,47,3.6451612903225805,31,1.8571428571428572,35
R K Puram Delhi DPCC,6,2,103,68,53,15,50,0.7794117647058824,0.5145631067961165,0.6198830409356724,8.441176470588236,34,7.773584905660377,53,13.214285714285714,28,4.352941176470588,34
R K Puram Delhi DPCC,6,3,85,56,49,7,36,0.875,0.5764705882352941,0.6950354609929078,8.838709677419354,31,8.204081632653061,49,13.96,25,4.516129032258065,31
R K Puram Delhi DPCC,6,6,51,35,32,3,19,0.9142857142857143,0.6274509803921569,0.7441860465116279,10.25,24,11.0,32,15.894736842105264,19,5.130434782608695,23
R K Puram Delhi DPCC,12,2,103,66,50,16,53,0.7575757575757576,0.4854368932038835,0.591715976331361,7.675675675675675,37,6.12,50,13.392857142857142,28,5.4,30
R K Puram Delhi DPCC,12,3,86,63,47,16,39,0.746031746031746,0.5465116279069767,0.6308724832214765,8.117647058823529,34,6.319148936170213,47,14.64,25,5.814814814814815,27
R K Puram Delhi DPCC,12,6,52,41,34,7,18,0.8292682926829268,0.6538461538461539,0.7311827956989247,11.347826086956522,23,7.911764705882353,34,19.176470588235293,17,6.444444444444445,18
R K Puram Delhi DPCC,24,2,100,67,49,18,51,0.7313432835820896,0.49,0.5868263473053892,7.75,32,4.653061224489796,49,7.7727272727272725,22,5.464285714285714,28
R K Puram Delhi DPCC,24,3,84,58,46,12,38,0.7931034482758621,0.5476190476190477,0.647887323943662,8.166666666666666,30,4.934782608695652,46,8.3,20,5.88,25
R K Puram Delhi DPCC,24,6,52,44,36,8,16,0.8181818181818182,0.6923076923076923,0.7500000000000001,9.48,25,5.972222222222222,36,8.222222222222221,18,5.590909090909091,22
Rohini Delhi DPCC,1,2,102,105,91,14,11,0.8666666666666667,0.8921568627450981,0.8792270531400966,1.975609756097561,82,2.4615384615384617,91,1.6857142857142857,70,1.3246753246753247,77
Rohini Delhi DPCC,1,3,89,85,76,9,13,0.8941176470588236,0.8539325842696629,0.8735632183908046,2.08955223880597,67,2.763157894736842,76,1.8214285714285714,56,1.4126984126984128,63
Rohini Delhi DPCC,1,6,61,59,54,5,7,0.9152542372881356,0.8852459016393442,0.9,2.739130434782609,46,3.6296296296296298,54,1.85,40,1.1956521739130435,46
Rohini Delhi DPCC,6,2,108,84,65,19,43,0.7738095238095238,0.6018518518518519,0.6770833333333333,5.0212765957446805,47,5.846153846153846,65,7.486486486486487,37,4.340909090909091,44
Rohini Delhi DPCC,6,3,95,74,61,13,34,0.8243243243243243,0.6421052631578947,0.7218934911242604,5.2,45,6.163934426229508,61,7.714285714285714,35,4.439024390243903,41
Rohini Delhi DPCC,6,6,57,53,39,14,18,0.7358490566037735,0.6842105263157895,0.709090909090909,6.333333333333333,33,8.461538461538462,39,9.0,25,5.241379310344827,29
Rohini Delhi DPCC,12,2,114,85,69,16,45,0.8117647058823529,0.6052631578947368,0.6934673366834171,3.6595744680851063,47,5.188405797101449,69,8.114285714285714,35,5.5,44
Rohini Delhi DPCC,12,3,104,77,61,16,43,0.7922077922077922,0.5865384615384616,0.6740331491712708,4.069767441860465,43,5.819672131147541,61,8.290322580645162,31,6.083333333333333,36
Rohini Delhi DPCC,12,6,59,52,38,14,21,0.7307692307692307,0.6440677966101694,0.6846846846846847,4.285714285714286,28,7.578947368421052,38,8.863636363636363,22,7.538461538461538,26
Rohini Delhi DPCC,24,2,110,91,67,24,43,0.7362637362637363,0.6090909090909091,0.6666666666666667,4.108695652173913,46,5.611940298507463,67,7.235294117647059,34,3.86046511627907,43
Rohini Delhi DPCC,24,3,97,84,64,20,33,0.7619047619047619,0.6597938144329897,0.707182320441989,4.395348837209302,43,6.015625,64,7.34375,32,3.8292682926829267,41
Rohini Delhi DPCC,24,6,57,61,42,19,15,0.6885245901639344,0.7368421052631579,0.7118644067796609,5.678571428571429,28,7.809523809523809,42,8.434782608695652,23,4.344827586206897,29
Shadipur Delhi CPCB,1,2,254,235,207,28,47,0.8808510638297873,0.8149606299212598,0.8466257668711656,1.763819095477387,199,3.21256038647343,207,2.230366492146597,191,1.5101010101010102,198
Shadipur Delhi CPCB,1,3,209,187,168,19,41,0.8983957219251337,0.8038277511961722,0.8484848484848485,1.8944099378881987,161,3.6904761904761907,168,2.509677419354839,155,1.6459627329192548,161
Shadipur Delhi CPCB,1,6,125,117,108,9,17,0.9230769230769231,0.864,0.8925619834710743,2.0388349514563107,103,4.925925925925926,108,3.0202020202020203,99,2.0194174757281553,103
Shadipur Delhi CPCB,6,2,257,158,126,32,131,0.7974683544303798,0.490272373540856,0.6072289156626506,5.678260869565217,115,6.5,126,8.963302752293577,109,5.5964912280701755,114
Shadipur Delhi CPCB,6,3,212,146,117,29,95,0.8013698630136986,0.5518867924528302,0.6536312849162011,6.546296296296297,108,7.555555555555555,117,10.372549019607844,102,6.247619047619048,105
Shadipur Delhi CPCB,6,6,122,102,84,18,38,0.8235294117647058,0.6885245901639344,0.7499999999999999,7.878048780487805,82,9.095238095238095,84,11.265822784810126,79,7.2125,80
Shadipur Delhi CPCB,12,2,258,181,128,53,130,0.7071823204419889,0.49612403100775193,0.5831435079726652,6.208333333333333,120,6.6171875,128,10.596491228070175,114,6.128205128205129,117
Shadipur Delhi CPCB,12,3,212,152,115,37,97,0.756578947368421,0.5424528301886793,0.6318681318681318,6.252336448598131,107,6.791304347826087,115,10.524752475247524,101,6.5576923076923075,104
Shadipur Delhi CPCB,12,6,126,99,74,25,52,0.7474747474747475,0.5873015873015873,0.6577777777777778,8.36231884057971,69,8.68918918918919,74,12.701492537313433,67,8.313432835820896,67
Shadipur Delhi CPCB,24,2,259,165,121,44,138,0.7333333333333333,0.4671814671814672,0.570754716981132,5.27027027027027,111,5.454545454545454,121,9.77,100,6.08411214953271,107
Shadipur Delhi CPCB,24,3,212,147,110,37,102,0.7482993197278912,0.5188679245283019,0.6128133704735376,5.52,100,5.890909090909091,110,10.233333333333333,90,6.453608247422681,97
Shadipur Delhi CPCB,24,6,123,110,72,38,51,0.6545454545454545,0.5853658536585366,0.6180257510729614,7.015151515151516,66,7.333333333333333,72,10.85483870967742,62,7.3076923076923075,65
Sirifort Delhi CPCB,1,2,57,53,50,3,7,0.9433962264150944,0.8771929824561403,0.9090909090909091,1.7619047619047619,42,2.52,50,1.7575757575757576,33,0.8205128205128205,39
Sirifort Delhi CPCB,1,3,47,45,41,4,6,0.9111111111111111,0.8723404255319149,0.891304347826087,1.9705882352941178,34,2.8048780487804876,41,2.074074074074074,27,0.8125,32
Sirifort Delhi CPCB,1,6,36,34,32,2,4,0.9411764705882353,0.8888888888888888,0.9142857142857143,2.0714285714285716,28,3.21875,32,2.090909090909091,22,0.8333333333333334,24
Sirifort Delhi CPCB,6,2,62,56,41,15,21,0.7321428571428571,0.6612903225806451,0.6949152542372881,4.689655172413793,29,4.682926829268292,41,7.380952380952381,21,3.5833333333333335,24
Sirifort Delhi CPCB,6,3,50,47,35,12,15,0.7446808510638298,0.7,0.7216494845360825,5.115384615384615,26,5.285714285714286,35,7.315789473684211,19,3.3181818181818183,22
Sirifort Delhi CPCB,6,6,36,33,27,6,9,0.8181818181818182,0.75,0.7826086956521738,5.304347826086956,23,5.777777777777778,27,6.388888888888889,18,4.6,20
Sirifort Delhi CPCB,12,2,66,56,42,14,24,0.75,0.6363636363636364,0.6885245901639345,6.103448275862069,29,6.904761904761905,42,10.0,21,5.1923076923076925,26
Sirifort Delhi CPCB,12,3,53,46,36,10,17,0.782608695652174,0.6792452830188679,0.7272727272727273,6.68,25,7.333333333333333,36,9.722222222222221,18,5.181818181818182,22
Sirifort Delhi CPCB,12,6,40,39,31,8,9,0.7948717948717948,0.775,0.7848101265822786,7.363636363636363,22,8.225806451612904,31,10.25,16,5.315789473684211,19
Sirifort Delhi CPCB,24,2,66,64,46,18,20,0.71875,0.696969696969697,0.7076923076923077,3.9655172413793105,29,5.065217391304348,46,10.55,20,6.310344827586207,29
Sirifort Delhi CPCB,24,3,54,55,41,14,13,0.7454545454545455,0.7592592592592593,0.7522935779816514,4.185185185185185,27,5.390243902439025,41,10.277777777777779,18,6.115384615384615,26
Sirifort Delhi CPCB,24,6,38,38,29,9,9,0.7631578947368421,0.7631578947368421,0.7631578947368421,4.909090909090909,22,6.689655172413793,29,12.0,15,7.2631578947368425,19
Sonia Vihar Delhi DPCC,1,2,108,100,88,12,20,0.88,0.8148148148148148,0.8461538461538461,2.3333333333333335,78,2.875,88,3.072463768115942,69,1.9350649350649352,77
Sonia Vihar Delhi DPCC,1,3,86,75,70,5,16,0.9333333333333333,0.813953488372093,0.8695652173913044,2.6166666666666667,60,3.2285714285714286,70,3.7169811320754715,53,2.2459016393442623,61
Sonia Vihar Delhi DPCC,1,6,55,49,46,3,9,0.9387755102040817,0.8363636363636363,0.8846153846153846,3.1052631578947367,38,4.217391304347826,46,5.21875,32,3.210526315789474,38
Sonia Vihar Delhi DPCC,6,2,113,82,57,25,56,0.6951219512195121,0.504424778761062,0.5846153846153846,8.30952380952381,42,5.684210526315789,57,7.424242424242424,33,4.368421052631579,38
Sonia Vihar Delhi DPCC,6,3,90,66,48,18,42,0.7272727272727273,0.5333333333333333,0.6153846153846153,9.428571428571429,35,6.645833333333333,48,8.214285714285714,28,5.03125,32
Sonia Vihar Delhi DPCC,6,6,52,43,31,12,21,0.7209302325581395,0.5961538461538461,0.6526315789473683,11.518518518518519,27,9.0,31,9.727272727272727,22,5.56,25
Sonia Vihar Delhi DPCC,12,2,108,78,55,23,53,0.7051282051282052,0.5092592592592593,0.5913978494623656,8.195121951219512,41,6.5636363636363635,55,8.9375,32,4.918918918918919,37
Sonia Vihar Delhi DPCC,12,3,85,66,46,20,39,0.696969696969697,0.5411764705882353,0.609271523178808,9.382352941176471,34,7.586956521739131,46,9.88888888888889,27,5.645161290322581,31
Sonia Vihar Delhi DPCC,12,6,54,45,30,15,24,0.6666666666666666,0.5555555555555556,0.606060606060606,12.043478260869565,23,10.333333333333334,30,11.722222222222221,18,7.2,20
Sonia Vihar Delhi DPCC,24,2,104,78,52,26,52,0.6666666666666666,0.5,0.5714285714285715,8.114285714285714,35,5.8076923076923075,52,10.26086956521739,23,4.53125,32
Sonia Vihar Delhi DPCC,24,3,85,67,45,22,40,0.6716417910447762,0.5294117647058824,0.5921052631578948,9.857142857142858,28,6.511111111111111,45,12.38888888888889,18,5.037037037037037,27
Sonia Vihar Delhi DPCC,24,6,53,47,35,12,18,0.7446808510638298,0.660377358490566,0.7,11.590909090909092,22,7.571428571428571,35,14.214285714285714,14,5.681818181818182,22
Sri Aurobindo Marg Delhi DPCC,1,2,78,75,63,12,15,0.84,0.8076923076923077,0.8235294117647058,2.207547169811321,53,2.5714285714285716,63,2.8666666666666667,45,1.7547169811320755,53
Sri Aurobindo Marg Delhi DPCC,1,3,68,60,53,7,15,0.8833333333333333,0.7794117647058824,0.8281250000000001,2.4,45,2.849056603773585,53,3.0256410256410255,39,1.8444444444444446,45
Sri Aurobindo Marg Delhi DPCC,1,6,51,41,40,1,11,0.975609756097561,0.7843137254901961,0.8695652173913043,2.5555555555555554,36,3.325,40,3.0,31,1.878787878787879,33
Sri Aurobindo Marg Delhi DPCC,6,2,84,72,50,22,34,0.6944444444444444,0.5952380952380952,0.6410256410256411,9.36111111111111,36,8.84,50,15.793103448275861,29,8.818181818181818,33
Sri Aurobindo Marg Delhi DPCC,6,3,70,60,42,18,28,0.7,0.6,0.6461538461538462,10.064516129032258,31,10.547619047619047,42,16.76,25,9.586206896551724,29
Sri Aurobindo Marg Delhi DPCC,6,6,47,41,30,11,17,0.7317073170731707,0.6382978723404256,0.6818181818181819,10.576923076923077,26,11.766666666666667,30,16.571428571428573,21,9.25,24
Sri Aurobindo Marg Delhi DPCC,12,2,82,67,50,17,32,0.746268656716418,0.6097560975609756,0.6711409395973154,9.72972972972973,37,8.24,50,14.548387096774194,31,7.857142857142857,35
Sri Aurobindo Marg Delhi DPCC,12,3,68,61,46,15,22,0.7540983606557377,0.6764705882352942,0.7131782945736433,10.470588235294118,34,9.108695652173912,46,14.620689655172415,29,8.03125,32
Sri Aurobindo Marg Delhi DPCC,12,6,52,44,37,7,15,0.8409090909090909,0.7115384615384616,0.7708333333333333,12.384615384615385,26,11.405405405405405,37,15.956521739130435,23,9.423076923076923,26
Sri Aurobindo Marg Delhi DPCC,24,2,81,58,47,11,34,0.8103448275862069,0.5802469135802469,0.6762589928057554,8.424242424242424,33,7.468085106382978,47,11.2,25,5.733333333333333,30
Sri Aurobindo Marg Delhi DPCC,24,3,71,54,46,8,25,0.8518518518518519,0.647887323943662,0.7360000000000001,8.625,32,7.630434782608695,46,11.2,25,5.733333333333333,30
Sri Aurobindo Marg Delhi DPCC,24,6,54,45,38,7,16,0.8444444444444444,0.7037037037037037,0.7676767676767676,9.038461538461538,26,8.578947368421053,38,10.95,20,6.32,25
Vivek Vihar Delhi DPCC,1,2,103,98,86,12,17,0.8775510204081632,0.8349514563106796,0.8557213930348259,1.8108108108108107,74,3.988372093023256,86,1.5909090909090908,66,1.1842105263157894,76
Vivek Vihar Delhi DPCC,1,3,80,82,72,10,8,0.8780487804878049,0.9,0.888888888888889,2.033333333333333,60,4.625,72,1.849056603773585,53,1.2857142857142858,63
Vivek Vihar Delhi DPCC,1,6,51,51,44,7,7,0.8627450980392157,0.8627450980392157,0.8627450980392157,2.742857142857143,35,6.7272727272727275,44,2.0344827586206895,29,1.3888888888888888,36
Vivek Vihar Delhi DPCC,6,2,109,69,54,15,55,0.782608695652174,0.4954128440366973,0.6067415730337079,5.486486486486487,37,9.018518518518519,54,8.071428571428571,28,5.611111111111111,36
Vivek Vihar Delhi DPCC,6,3,83,64,47,17,36,0.734375,0.5662650602409639,0.6394557823129252,5.875,32,10.02127659574468,47,8.56,25,6.28125,32
Vivek Vihar Delhi DPCC,6,6,48,46,36,10,12,0.782608695652174,0.75,0.7659574468085107,6.137931034482759,29,12.75,36,8.869565217391305,23,6.655172413793103,29
Vivek Vihar Delhi DPCC,12,2,110,75,54,21,56,0.72,0.4909090909090909,0.5837837837837838,5.722222222222222,36,6.222222222222222,54,9.222222222222221,27,5.852941176470588,34
Vivek Vihar Delhi DPCC,12,3,85,66,45,21,40,0.6818181818181818,0.5294117647058824,0.5960264900662252,6.533333333333333,30,7.333333333333333,45,9.625,24,6.482758620689655,29
Vivek Vihar Delhi DPCC,12,6,53,55,40,15,13,0.7272727272727273,0.7547169811320755,0.7407407407407407,7.346153846153846,26,8.1,40,10.904761904761905,21,7.36,25
Vivek Vihar Delhi DPCC,24,2,112,90,60,30,52,0.6666666666666666,0.5357142857142857,0.594059405940594,5.487179487179487,39,5.333333333333333,60,5.482758620689655,29,5.589743589743589,39
Vivek Vihar Delhi DPCC,24,3,88,77,50,27,38,0.6493506493506493,0.5681818181818182,0.6060606060606061,5.875,32,6.36,50,5.208333333333333,24,6.03030303030303,33
Vivek Vihar Delhi DPCC,24,6,50,49,34,15,16,0.6938775510204082,0.68,0.686868686868687,7.2272727272727275,22,8.411764705882353,34,5.9375,16,8.045454545454545,22
Wazirpur Delhi DPCC,1,2,77,80,67,13,10,0.8375,0.8701298701298701,0.8535031847133757,1.96,50,4.417910447761194,67,1.5,42,0.9074074074074074,54
Wazirpur Delhi DPCC,1,3,63,65,54,11,9,0.8307692307692308,0.8571428571428571,0.84375,2.05,40,5.222222222222222,54,1.696969696969697,33,0.9285714285714286,42
Wazirpur Delhi DPCC,1,6,44,47,42,5,2,0.8936170212765957,0.9545454545454546,0.9230769230769231,2.433333333333333,30,6.333333333333333,42,2.1666666666666665,24,1.03125,32
Wazirpur Delhi DPCC,6,2,85,66,53,13,32,0.803030303030303,0.6235294117647059,0.7019867549668874,8.11111111111111,27,7.2075471698113205,53,8.333333333333334,21,3.7241379310344827,29
Wazirpur Delhi DPCC,6,3,69,57,44,13,25,0.7719298245614035,0.6376811594202898,0.6984126984126984,7.708333333333333,24,7.75,44,4.944444444444445,18,2.96,25
Wazirpur Delhi DPCC,6,6,41,41,31,10,10,0.7560975609756098,0.7560975609756098,0.7560975609756099,7.85,20,10.32258064516129,31,4.142857142857143,14,3.45,20
Wazirpur Delhi DPCC,12,2,86,76,55,21,31,0.7236842105263158,0.6395348837209303,0.6790123456790124,4.777777777777778,27,5.7272727272727275,55,6.588235294117647,17,4.111111111111111,27
Wazirpur Delhi DPCC,12,3,71,60,47,13,24,0.7833333333333333,0.6619718309859155,0.717557251908397,3.608695652173913,23,5.617021276595745,47,4.466666666666667,15,2.96,25
Wazirpur Delhi DPCC,12,6,48,43,38,5,10,0.8837209302325582,0.7916666666666666,0.8351648351648352,3.8947368421052633,19,6.631578947368421,38,3.75,12,3.4210526315789473,19
Wazirpur Delhi DPCC,24,2,81,71,52,19,29,0.7323943661971831,0.6419753086419753,0.6842105263157894,6.241379310344827,29,6.230769230769231,52,7.75,20,3.7586206896551726,29
Wazirpur Delhi DPCC,24,3,66,61,42,19,24,0.6885245901639344,0.6363636363636364,0.6614173228346456,7.6,20,7.190476190476191,42,8.615384615384615,13,4.090909090909091,22
Wazirpur Delhi DPCC,24,6,47,44,36,8,11,0.8181818181818182,0.7659574468085106,0.7912087912087913,8.944444444444445,18,8.36111111111111,36,8.916666666666666,12,4.25,20
