horizon,model,feature_group,split,station,n,mae,rmse,r2,interval_coverage
1,persistence,A_history,validation,ALL,34304,34.75565531716418,55.102295790640646,0.7427195207907435,
1,seasonal_naive,A_history,validation,ALL,34304,75.3348880597015,102.57344360971422,0.10846721095560552,
1,xgboost,A_history,validation,ALL,34304,34.747495171905896,51.65168481087583,0.7739333842444516,
1,xgboost,B_history_time,validation,ALL,34304,33.186340447848856,49.72245522672502,0.7905055223801076,
1,xgboost,C_history_weather,validation,ALL,34304,34.28607594327473,50.91224558438963,0.7803597374190586,
1,xgboost,D_history_time_weather,validation,ALL,34304,33.01459331287822,49.36755102806976,0.7934854687049151,
1,xgboost,E_full,validation,ALL,34304,32.635435754905885,48.63425857057988,0.7995749284158515,
1,xgboost_tuned,E_full,validation,ALL,34304,32.162058240608935,48.15668134686847,0.803491857982787,
1,random_forest,E_full,validation,ALL,34304,32.53152280756914,49.01442550835924,0.7964292944312212,
1,persistence,A_history,test,ALL,104083,26.891154175033385,47.22132912436895,0.8678419846554002,
1,seasonal_naive,A_history,test,ALL,104083,63.219113592037125,92.17246411458693,0.4964767945895968,
1,xgboost,A_history,test,ALL,104083,27.132637235637578,44.22462875917008,0.8840834394839197,
1,xgboost,B_history_time,test,ALL,104083,26.24376939774091,42.960688151220126,0.8906145511917312,
1,xgboost,C_history_weather,test,ALL,104083,26.58048484938916,43.47030426180026,0.8880040148529377,
1,xgboost,D_history_time_weather,test,ALL,104083,26.107185546032625,42.683722630225816,0.8920204103940251,
1,xgboost,E_full,test,ALL,104083,25.675916299841663,42.098158216201455,0.8949627636818817,
1,xgboost_tuned,E_full,test,ALL,104083,25.41714388620292,41.86674325220465,0.896114376036449,
1,random_forest,E_full,test,ALL,104083,25.66069774110338,42.334579468574645,0.8937796826834541,
1,xgboost_tuned,E_full,test_selected,Alipur Delhi DPCC,3424,24.9601352465487,43.248154212952585,0.8898225779799599,0.8954439252336449
1,xgboost_tuned,E_full,test_selected,Anand Vihar Delhi DPCC,2893,34.92940576291603,52.739847120266376,0.8348970757268449,0.7946768060836502
1,xgboost_tuned,E_full,test_selected,Ashok Vihar Delhi DPCC,2509,22.970854644805797,38.727236806250765,0.9088454153486226,0.9015544041450777
1,xgboost_tuned,E_full,test_selected,Bawana Delhi DPCC,3502,28.02917914714628,43.48294949535683,0.8985540361870894,0.8580810965162764
1,xgboost_tuned,E_full,test_selected,CRRI Mathura Road Delhi IMD,1832,25.93416357456857,40.91239976045726,0.8677333926239055,0.8842794759825328
1,xgboost_tuned,E_full,test_selected,DTU Delhi CPCB,5185,24.97412450637744,40.05308523835818,0.8794973623523907,0.8852459016393442
1,xgboost_tuned,E_full,test_selected,Dr. Karni Singh Shooting Range Delhi DPCC,3196,21.27122138528263,34.386078832278386,0.9271713318849282,0.9224030037546934
1,xgboost_tuned,E_full,test_selected,IHBAS Dilshad Garden Delhi CPCB,4029,24.17554506636577,38.14890438906473,0.8402557414613516,0.8803673368081409
1,xgboost_tuned,E_full,test_selected,ITO Delhi CPCB,4524,21.177093564041098,36.348034449183864,0.9236808052106155,0.9144562334217506
1,xgboost_tuned,E_full,test_selected,Jahangirpuri Delhi DPCC,2547,30.179817992750692,47.300400514424545,0.8834023815298561,0.8378484491558696
1,xgboost_tuned,E_full,test_selected,Jawaharlal Nehru Stadium Delhi DPCC,2220,18.513573671890807,29.776186934195874,0.9515356219334249,0.9418918918918919
1,xgboost_tuned,E_full,test_selected,Major Dhyan Chand National Stadium Delhi DPCC,3686,19.26423205594556,30.799951782661527,0.9368398921184092,0.933532284319045
1,xgboost_tuned,E_full,test_selected,Mandir Marg Delhi DPCC,2922,26.64471326471599,43.66785721484431,0.8776424860587502,0.8713210130047913
1,xgboost_tuned,E_full,test_selected,Mundka Delhi DPCC,2029,32.68911028730864,49.66882468139811,0.8819424912265269,0.8206012814194185
1,xgboost_tuned,E_full,test_selected,NSIT Dwarka Delhi CPCB,4761,24.87798862821839,44.94993212022333,0.8680340346700447,0.8916194076874606
1,xgboost_tuned,E_full,test_selected,Najafgarh Delhi DPCC,3672,22.64625382838945,38.00454626116878,0.9052422880456424,0.8946078431372549
1,xgboost_tuned,E_full,test_selected,Narela Delhi DPCC,3640,25.599988575820085,39.98684287275131,0.9044394963192056,0.8824175824175824
1,xgboost_tuned,E_full,test_selected,Nehru Nagar Delhi DPCC,4048,26.718856195687305,42.87993327296157,0.9074598500349464,0.8680830039525692
1,xgboost_tuned,E_full,test_selected,Okhla Phase-2 Delhi DPCC,1409,22.396322591495988,35.66885817283819,0.9246777387885218,0.9134137686302342
1,xgboost_tuned,E_full,test_selected,Patparganj Delhi DPCC,4364,22.492653338872,38.361063338125604,0.9158136518369862,0.9106324472960586
1,xgboost_tuned,E_full,test_selected,Punjabi Bagh Delhi DPCC,3265,27.020399721621736,44.10623626811272,0.8825877650500058,0.8750382848392037
1,xgboost_tuned,E_full,test_selected,Pusa Delhi DPCC,3279,26.62177945841155,43.670417696681355,0.8805640315935661,0.8734370234827691
1,xgboost_tuned,E_full,test_selected,R K Puram Delhi DPCC,4061,27.056422668265405,42.03360722736445,0.8851635613169584,0.8648116227530165
1,xgboost_tuned,E_full,test_selected,Rohini Delhi DPCC,3498,25.711876121638774,40.73097467183241,0.9074796088308748,0.8799313893653516
1,xgboost_tuned,E_full,test_selected,Shadipur Delhi CPCB,6989,32.73297479105262,55.96191240417989,0.808813437405739,0.8270138789526399
1,xgboost_tuned,E_full,test_selected,Sirifort Delhi CPCB,2323,21.06521239015905,37.49302701570777,0.9116181191798107,0.9195006457167456
1,xgboost_tuned,E_full,test_selected,Sonia Vihar Delhi DPCC,3790,26.023152643772416,40.823393907381515,0.9035307005317232,0.8781002638522427
1,xgboost_tuned,E_full,test_selected,Sri Aurobindo Marg Delhi DPCC,3990,19.247553418572984,32.11691626407728,0.9343510890434554,0.9338345864661655
1,xgboost_tuned,E_full,test_selected,Vivek Vihar Delhi DPCC,3912,24.31734308143335,38.283581881276604,0.914162492063415,0.8928936605316974
1,xgboost_tuned,E_full,test_selected,Wazirpur Delhi DPCC,2584,29.251682312495937,46.36897811156011,0.8778354943164837,0.8506191950464397
6,persistence,A_history,validation,ALL,33478,91.02694306708884,120.19358973871292,-0.20750166523413127,
6,seasonal_naive,A_history,validation,ALL,33478,75.64048031543103,102.90606330467841,0.11487001151987952,
6,xgboost,A_history,validation,ALL,33478,79.17500926827407,98.77748553096978,0.18446790113126332,
6,xgboost,B_history_time,validation,ALL,33478,64.17461729343094,82.78857037744741,0.42711705633275465,
6,xgboost,C_history_weather,validation,ALL,33478,73.25556352356584,94.12189963217665,0.25953166092388913,
6,xgboost,D_history_time_weather,validation,ALL,33478,62.27785418003546,80.43781695674116,0.45918879994094497,
6,xgboost,E_full,validation,ALL,33478,59.97102875039814,77.30224826475927,0.5005300363950541,
6,xgboost_tuned,E_full,validation,ALL,33478,58.124480760769075,75.37426111180675,0.5251337965034255,
6,random_forest,E_full,validation,ALL,33478,60.461907169638074,77.8487604021395,0.49344275721043585,
6,persistence,A_history,test,ALL,102340,67.25550127027556,96.77258548143769,0.44793743505226624,
6,seasonal_naive,A_history,test,ALL,102340,63.075444596443226,91.9437725404505,0.5016571301368083,
6,xgboost,A_history,test,ALL,102340,61.95213693908026,82.13747194888593,0.6022902169820477,
6,xgboost,B_history_time,test,ALL,102340,52.23644427691257,72.05928530105226,0.6938998720953871,
6,xgboost,C_history_weather,test,ALL,102340,57.52740831524221,77.445643831115,0.6464282163509159,
6,xgboost,D_history_time_weather,test,ALL,102340,51.02979714686409,70.12037695062133,0.7101508077069462,
6,xgboost,E_full,test,ALL,102340,48.91826522837213,67.6276784199953,0.7303921283450345,
6,xgboost_tuned,E_full,test,ALL,102340,48.086715115321105,66.58332397794814,0.7386547838986361,
6,random_forest,E_full,test,ALL,102340,49.55050543959287,68.32031247930375,0.7248412686819659,
6,xgboost_tuned,E_full,test_selected,Alipur Delhi DPCC,3353,48.43336228217931,68.09948471795126,0.7280122663580846,0.8541604533253803
6,xgboost_tuned,E_full,test_selected,Anand Vihar Delhi DPCC,2849,58.195907000953085,78.02694403231433,0.6410375995320079,0.8037908037908038
6,xgboost_tuned,E_full,test_selected,Ashok Vihar Delhi DPCC,2443,44.77278821604007,62.697220570928174,0.7666536082784384,0.8874334834220221
6,xgboost_tuned,E_full,test_selected,Bawana Delhi DPCC,3450,53.00625874284385,70.80759750850434,0.7303250544508727,0.835072463768116
6,xgboost_tuned,E_full,test_selected,CRRI Mathura Road Delhi IMD,1771,53.538491493022626,71.03686852873523,0.5988456584064927,0.8385093167701864
6,xgboost_tuned,E_full,test_selected,DTU Delhi CPCB,5150,48.01688275902016,65.49743522456424,0.681376141419036,0.8669902912621359
6,xgboost_tuned,E_full,test_selected,Dr. Karni Singh Shooting Range Delhi DPCC,3133,42.07047752553268,58.15274344498175,0.789594658747581,0.9048834982444941
6,xgboost_tuned,E_full,test_selected,IHBAS Dilshad Garden Delhi CPCB,3980,38.84474498039514,53.96385754221316,0.6852136047544036,0.9183417085427136
6,xgboost_tuned,E_full,test_selected,ITO Delhi CPCB,4476,47.09234626214349,66.9152076651141,0.744161135765864,0.870420017873101
6,xgboost_tuned,E_full,test_selected,Jahangirpuri Delhi DPCC,2479,52.12191563029595,70.39348050399055,0.7452374137934673,0.844695441710367
6,xgboost_tuned,E_full,test_selected,Jawaharlal Nehru Stadium Delhi DPCC,2136,42.94284361667847,57.891041727198925,0.8168220882991218,0.8951310861423221
6,xgboost_tuned,E_full,test_selected,Major Dhyan Chand National Stadium Delhi DPCC,3641,42.50547254520993,58.48332675682637,0.7731751576530722,0.8992035155177149
6,xgboost_tuned,E_full,test_selected,Mandir Marg Delhi DPCC,2835,46.789322117396765,66.09726974505908,0.7205151998575621,0.8691358024691358
6,xgboost_tuned,E_full,test_selected,Mundka Delhi DPCC,1975,57.423808232560944,76.33968778504956,0.7275423947819593,0.8177215189873418
6,xgboost_tuned,E_full,test_selected,NSIT Dwarka Delhi CPCB,4716,49.92949547092221,70.90125365842368,0.6721204947184779,0.8524173027989822
6,xgboost_tuned,E_full,test_selected,Najafgarh Delhi DPCC,3615,44.63868265376216,63.65791232180966,0.735485636754783,0.8744121715076072
6,xgboost_tuned,E_full,test_selected,Narela Delhi DPCC,3597,48.76776808356125,65.76734093484644,0.7434955249052557,0.8604392549346678
6,xgboost_tuned,E_full,test_selected,Nehru Nagar Delhi DPCC,4012,47.724720948239266,65.7827612301284,0.7837374732057305,0.865902293120638
6,xgboost_tuned,E_full,test_selected,Okhla Phase-2 Delhi DPCC,1348,49.359063505065194,66.9261371314177,0.745404592109516,0.8501483679525222
6,xgboost_tuned,E_full,test_selected,Patparganj Delhi DPCC,4286,45.43299592659399,64.4753893019745,0.7640322182212378,0.8754083061129259
6,xgboost_tuned,E_full,test_selected,Punjabi Bagh Delhi DPCC,3213,49.76250790555344,66.91419324900366,0.7309524910863017,0.8596327419856832
6,xgboost_tuned,E_full,test_selected,Pusa Delhi DPCC,3191,46.93886000353204,65.13188638406648,0.7332457145942347,0.8752742087120025
6,xgboost_tuned,E_full,test_selected,R K Puram Delhi DPCC,3977,48.64941296135027,66.89546089272359,0.7089450190645686,0.8617048026150365
6,xgboost_tuned,E_full,test_selected,Rohini Delhi DPCC,3415,52.38493524777593,69.53514762675997,0.7320794220463496,0.8348462664714494
6,xgboost_tuned,E_full,test_selected,Shadipur Delhi CPCB,6969,53.465029508076434,75.51196755192746,0.6537356023421184,0.8206342373367772
6,xgboost_tuned,E_full,test_selected,Sirifort Delhi CPCB,2267,41.13669546133209,58.13291613347113,0.7881690843920149,0.9113365681517424
6,xgboost_tuned,E_full,test_selected,Sonia Vihar Delhi DPCC,3757,49.83646209956421,68.30219556836911,0.7304144952490289,0.8554697897258451
6,xgboost_tuned,E_full,test_selected,Sri Aurobindo Marg Delhi DPCC,3919,40.56078239094393,56.81107826325333,0.7938145814081099,0.9091605001275835
6,xgboost_tuned,E_full,test_selected,Vivek Vihar Delhi DPCC,3852,47.59761997274397,64.89257047302307,0.7550795688293745,0.8704569055036345
6,xgboost_tuned,E_full,test_selected,Wazirpur Delhi DPCC,2535,54.148326831644574,73.52828207163267,0.695759336229387,0.829585798816568
12,persistence,A_history,validation,ALL,33032,105.41838217486074,132.87986601240587,-0.4699735416980677,
12,seasonal_naive,A_history,validation,ALL,33032,76.34911600871882,103.86444540891613,0.10189943866940976,
12,xgboost,A_history,validation,ALL,33032,71.81381078469721,91.2836404609979,0.3062914322975283,
12,xgboost,B_history_time,validation,ALL,33032,66.8706986856218,86.28719982760948,0.3801538529159917,
12,xgboost,C_history_weather,validation,ALL,33032,68.52148190818477,87.00558797801042,0.36978977180073735,
12,xgboost,D_history_time_weather,validation,ALL,33032,64.89295581802384,83.4371100297095,0.4204249767756494,
12,xgboost,E_full,validation,ALL,33032,63.22955923895768,81.43843285555907,0.4478590343683636,
12,xgboost_tuned,E_full,validation,ALL,33032,62.78477158757785,81.13035996995872,0.452028513572991,
12,random_forest,E_full,validation,ALL,33032,65.44262283402873,83.88334638670382,0.41420906063376894,
12,persistence,A_history,test,ALL,101441,77.71726422255301,107.9690506940255,0.31907108956094876,
12,seasonal_naive,A_history,test,ALL,101441,63.19299888605199,91.96844535438015,0.5059386302166831,
12,xgboost,A_history,test,ALL,101441,58.531899952686125,79.5552869944748,0.6303069371015879,
12,xgboost,B_history_time,test,ALL,101441,54.477657365027575,75.25999353596751,0.6691496784066755,
12,xgboost,C_history_weather,test,ALL,101441,56.01530262327755,75.98001468853178,0.6627888283922514,
12,xgboost,D_history_time_weather,test,ALL,101441,53.5707183740061,73.39848727186967,0.6853139969395712,
12,xgboost,E_full,test,ALL,101441,52.72447040171018,72.56614537895209,0.6924106340866757,
12,xgboost_tuned,E_full,test,ALL,101441,52.21929523619829,71.95585133410276,0.6975626392915268,
12,random_forest,E_full,test,ALL,101441,53.97829742581056,73.90327317307623,0.6809707116055745,
12,xgboost_tuned,E_full,test_selected,Alipur Delhi DPCC,3318,52.01688345000282,72.38368123693775,0.6953282804301927,0.8640747438215792
12,xgboost_tuned,E_full,test_selected,Anand Vihar Delhi DPCC,2838,63.89452222000133,85.9172215033157,0.5659646820660449,0.7991543340380549
12,xgboost_tuned,E_full,test_selected,Ashok Vihar Delhi DPCC,2404,50.50624177777232,70.12763819661204,0.7116655268925269,0.8785357737104825
12,xgboost_tuned,E_full,test_selected,Bawana Delhi DPCC,3412,57.72407837853203,77.0379409727515,0.6812931517387288,0.8329425556858148
12,xgboost_tuned,E_full,test_selected,CRRI Mathura Road Delhi IMD,1721,57.96047803622772,76.2384004963365,0.546434546974554,0.8413712957582801
12,xgboost_tuned,E_full,test_selected,DTU Delhi CPCB,5128,53.23228505546701,72.5833939946211,0.6153696785212348,0.8502340093603744
12,xgboost_tuned,E_full,test_selected,Dr. Karni Singh Shooting Range Delhi DPCC,3097,46.25228439887801,63.383355731561004,0.74976060106244,0.8969970939618986
12,xgboost_tuned,E_full,test_selected,IHBAS Dilshad Garden Delhi CPCB,3953,42.618691133903965,57.504366226892564,0.6486163971039773,0.9253731343283582
12,xgboost_tuned,E_full,test_selected,ITO Delhi CPCB,4442,50.66902558001673,71.37183242501854,0.7091020148840355,0.869878433138226
12,xgboost_tuned,E_full,test_selected,Jahangirpuri Delhi DPCC,2445,56.260300055505795,74.93476297221088,0.7182294160025138,0.8478527607361963
12,xgboost_tuned,E_full,test_selected,Jawaharlal Nehru Stadium Delhi DPCC,2095,45.72789587690039,62.11010609725136,0.7878469537089715,0.8935560859188544
12,xgboost_tuned,E_full,test_selected,Major Dhyan Chand National Stadium Delhi DPCC,3604,46.901476329756896,64.79815674934443,0.7255482470694596,0.8901220865704772
12,xgboost_tuned,E_full,test_selected,Mandir Marg Delhi DPCC,2795,48.703368186609474,69.07513737710713,0.697441623758926,0.8847942754919499
12,xgboost_tuned,E_full,test_selected,Mundka Delhi DPCC,1970,63.75985786709084,85.3382826067466,0.6651464629697781,0.8137055837563452
12,xgboost_tuned,E_full,test_selected,NSIT Dwarka Delhi CPCB,4693,53.77565904134071,75.43379875992018,0.631736389382638,0.8487108459407628
12,xgboost_tuned,E_full,test_selected,Najafgarh Delhi DPCC,3583,49.48018549728287,70.78154094206502,0.6803756184176657,0.8716159642757466
12,xgboost_tuned,E_full,test_selected,Narela Delhi DPCC,3579,52.17096530395235,70.46953247055832,0.7127403477753076,0.8616932103939648
12,xgboost_tuned,E_full,test_selected,Nehru Nagar Delhi DPCC,3990,51.90223377390314,71.48394157084029,0.7480798994308214,0.8571428571428571
12,xgboost_tuned,E_full,test_selected,Okhla Phase-2 Delhi DPCC,1338,55.298831055873535,74.43980838493091,0.6917463516467148,0.827354260089686
12,xgboost_tuned,E_full,test_selected,Patparganj Delhi DPCC,4258,50.30740894337337,71.13821072173647,0.7141806689201944,0.8698919680601221
12,xgboost_tuned,E_full,test_selected,Punjabi Bagh Delhi DPCC,3188,55.00535239718639,73.79328304021483,0.6726654087816721,0.8415934755332497
12,xgboost_tuned,E_full,test_selected,Pusa Delhi DPCC,3151,49.96179775357889,69.98882579924735,0.6960330986527923,0.8784512853062519
12,xgboost_tuned,E_full,test_selected,R K Puram Delhi DPCC,3926,52.59729683283817,72.13404068131527,0.663333665265575,0.8596535914416709
12,xgboost_tuned,E_full,test_selected,Rohini Delhi DPCC,3378,57.316462535417735,76.48873615719627,0.6804300878498744,0.8348134991119005
12,xgboost_tuned,E_full,test_selected,Shadipur Delhi CPCB,6955,55.72086968548773,77.17794418181485,0.6402164109427395,0.8398274622573688
12,xgboost_tuned,E_full,test_selected,Sirifort Delhi CPCB,2234,45.7797395028274,62.64742816308893,0.7527218937938498,0.9042076991942704
12,xgboost_tuned,E_full,test_selected,Sonia Vihar Delhi DPCC,3735,54.69870679924287,74.86038426191628,0.6763526293538651,0.8519410977242302
12,xgboost_tuned,E_full,test_selected,Sri Aurobindo Marg Delhi DPCC,3891,42.54403244073457,60.44760071079329,0.7694484861101345,0.9064507838601902
12,xgboost_tuned,E_full,test_selected,Vivek Vihar Delhi DPCC,3814,52.05691434403146,70.45517302174488,0.7126145819280647,0.8636601992658626
12,xgboost_tuned,E_full,test_selected,Wazirpur Delhi DPCC,2506,59.253433120983274,79.88249762774825,0.6410595787629199,0.8328012769353551
24,persistence,A_history,validation,ALL,32626,75.11288542879912,102.3983323591354,0.12433123951738434,
24,seasonal_naive,A_history,validation,ALL,32626,75.11288542879912,102.3983323591354,0.12433123951738434,
24,xgboost,A_history,validation,ALL,32626,71.1814835437968,91.70729789192545,0.29763658213652733,
24,xgboost,B_history_time,validation,ALL,32626,68.95291448988453,89.35560034407071,0.33319684993205523,
24,xgboost,C_history_weather,validation,ALL,32626,68.8996869467625,88.54443014031528,0.3452483775651052,
24,xgboost,D_history_time_weather,validation,ALL,32626,67.67830487685471,87.03312173963623,0.3674087050684478,
24,xgboost,E_full,validation,ALL,32626,67.13305982756803,86.38438652467876,0.3768040883946031,
24,xgboost_tuned,E_full,validation,ALL,32626,67.13305982756803,86.38438652467876,0.3768040883946031,
24,random_forest,E_full,validation,ALL,32626,68.30959684482046,87.73319248289658,0.3571909910214086,
24,persistence,A_history,test,ALL,100849,63.02151731797043,91.70930781703147,0.5154445301496378,
24,seasonal_naive,A_history,test,ALL,100849,63.02151731797043,91.70930781703147,0.5154445301496378,
24,xgboost,A_history,test,ALL,100849,57.730560419994454,78.90796633775716,0.6412777040903178,
24,xgboost,B_history_time,test,ALL,100849,55.7907837107239,76.69985414600477,0.6610733293904669,
24,xgboost,C_history_weather,test,ALL,100849,55.812623178855226,76.24217231375886,0.665106134018766,
24,xgboost,D_history_time_weather,test,ALL,100849,55.00252732355963,75.4432771761276,0.6720876601837247,
24,xgboost,E_full,test,ALL,100849,55.2210686500417,75.4740423235773,0.6718201657476465,
24,xgboost_tuned,E_full,test,ALL,100849,55.2210686500417,75.4740423235773,0.6718201657476465,
24,random_forest,E_full,test,ALL,100849,56.62806242407361,76.80683515379792,0.6601271997260763,
24,xgboost,E_full,test_selected,Alipur Delhi DPCC,3319,55.45849185149402,76.6480675504397,0.6599575247891613,0.867429948779753
24,xgboost,E_full,test_selected,Anand Vihar Delhi DPCC,2819,67.10041322197293,89.30696264442979,0.5245038277295391,0.8134090102873359
24,xgboost,E_full,test_selected,Ashok Vihar Delhi DPCC,2380,54.6153494955111,73.5684144710987,0.6955716557315421,0.8857142857142857
24,xgboost,E_full,test_selected,Bawana Delhi DPCC,3414,61.7121565348933,82.26520199197586,0.6385798112545757,0.8529584065612185
24,xgboost,E_full,test_selected,CRRI Mathura Road Delhi IMD,1661,62.8156540564641,81.96403559211119,0.48227492484129386,0.8338350391330523
24,xgboost,E_full,test_selected,DTU Delhi CPCB,5088,56.60365537127609,76.49212046026697,0.5736538588236186,0.8592767295597484
24,xgboost,E_full,test_selected,Dr. Karni Singh Shooting Range Delhi DPCC,3097,48.15242127938004,65.84107376250589,0.736616282114468,0.9063609945108169
24,xgboost,E_full,test_selected,IHBAS Dilshad Garden Delhi CPCB,3922,47.21279109077512,63.237670965284394,0.5926764644804076,0.9235084140744518
24,xgboost,E_full,test_selected,ITO Delhi CPCB,4413,51.747476572140044,73.42325604296097,0.6940050858238944,0.8663041015182416
24,xgboost,E_full,test_selected,Jahangirpuri Delhi DPCC,2446,59.30306560020416,79.40111720128773,0.6898544608692997,0.8511856091578087
24,xgboost,E_full,test_selected,Jawaharlal Nehru Stadium Delhi DPCC,2086,46.95912650813307,62.77894914761659,0.783517953684755,0.9117929050814957
24,xgboost,E_full,test_selected,Major Dhyan Chand National Stadium Delhi DPCC,3585,50.26252440767807,68.81818288861773,0.7000394849561962,0.894281729428173
24,xgboost,E_full,test_selected,Mandir Marg Delhi DPCC,2811,50.92902577555252,72.32665157200559,0.6618520815466693,0.8943436499466382
24,xgboost,E_full,test_selected,Mundka Delhi DPCC,1919,66.44616757661741,89.63920309742518,0.6275942234588366,0.8249088066701407
24,xgboost,E_full,test_selected,NSIT Dwarka Delhi CPCB,4658,56.0573420256389,78.11443686355737,0.5979461175638778,0.8615285530270502
24,xgboost,E_full,test_selected,Najafgarh Delhi DPCC,3553,52.225916000611,72.64719842879668,0.666853724301895,0.8820714888826344
24,xgboost,E_full,test_selected,Narela Delhi DPCC,3571,54.87038577060277,73.66604635200015,0.6946468383090467,0.8781853822458695
24,xgboost,E_full,test_selected,Nehru Nagar Delhi DPCC,3990,55.415925998735545,75.60723205387902,0.7274811686442318,0.8609022556390977
24,xgboost,E_full,test_selected,Okhla Phase-2 Delhi DPCC,1340,58.16896609690652,77.15000857847815,0.6706602979175345,0.8544776119402985
24,xgboost,E_full,test_selected,Patparganj Delhi DPCC,4244,53.30617298661932,73.88488540966199,0.6979388232553759,0.8701696512723845
24,xgboost,E_full,test_selected,Punjabi Bagh Delhi DPCC,3168,57.98461805329178,77.7719752266495,0.6492105537300751,0.8516414141414141
24,xgboost,E_full,test_selected,Pusa Delhi DPCC,3133,53.92609051443539,75.32545913416973,0.6609926855577342,0.8822215129269071
24,xgboost,E_full,test_selected,R K Puram Delhi DPCC,3912,54.757619195676774,74.59068488451693,0.6468194799074376,0.8744887525562373
24,xgboost,E_full,test_selected,Rohini Delhi DPCC,3353,61.03438129760669,82.10912200212647,0.6417025985628705,0.8368625111840143
24,xgboost,E_full,test_selected,Shadipur Delhi CPCB,6941,57.79144511561523,78.86508586229563,0.62749309553691,0.8650050425010806
24,xgboost,E_full,test_selected,Sirifort Delhi CPCB,2183,47.73986464992773,63.34964902612062,0.7423781792260042,0.9193770041227668
24,xgboost,E_full,test_selected,Sonia Vihar Delhi DPCC,3712,57.12415886747426,77.55518433851574,0.6579077979086534,0.8634159482758621
24,xgboost,E_full,test_selected,Sri Aurobindo Marg Delhi DPCC,3866,46.019522885491796,63.955010139661404,0.7494468370659948,0.9048111743404035
24,xgboost,E_full,test_selected,Vivek Vihar Delhi DPCC,3777,56.906349466943475,76.32329719563661,0.6717381611112851,0.8612655546730209
24,xgboost,E_full,test_selected,Wazirpur Delhi DPCC,2488,62.934225744756475,85.1508895679725,0.5956540964193757,0.8420418006430869
